product_id,category,product_name,source,price,mrp,discount,rating,url,scraped_at
COMHD8BGE3PJJGAP,laptops,Neopticon BrowseBook Intel Celeron Dual Core N4020 - (8 GB/256 GB SSD/Windows 11 Home) BBN40825614 Lap...,flipkart,26500.0,29999.0,11.0,0.0,https://www.flipkart.com/neopticon-browsebook-intel-celeron-dual-core-n4020-8-gb-256-gb-ssd-windows-11-home-bbn40825614-laptop/p/itm1f0cba8e31826?pid=COMHD8BGE3PJJGAP&lid=LSTCOMHD8BGE3PJJGAP8SRMUD&marketplace=FLIPKART&q=laptops&store=6bo%2Fb5g&srno=s_1_13&otracker=search&fm=organic&iid=6809ba11-3b7f-4658-ad6f-b0e434ecd982.COMHD8BGE3PJJGAP.SEARCH&ppt=None&ppn=None&ssid=4s7cknnvls0000001788947178799&qH=c06ea84a1e3dc3c6&ov_redirect=true,2026-09-09 09:46:13.810502
COMHK77SZSZHTEV7,laptops,HP Victus (i5 14th Gen) Intel Core 5 210 H - (16 GB/512 GB SSD/Windows 11 Home/6 GB Graphics/NVIDIA Ge...,flipkart,94990.0,95746.0,0.0,0.0,https://www.flipkart.com/hp-victus-i5-14th-gen-intel-core-5-210-h-16-gb-512-gb-ssd-windows-11-home-6-graphics-nvidia-geforce-rtx-4050-15-fa2203tx-gaming-laptop/p/itm65704ff158138?pid=COMHK77SZSZHTEV7&lid=LSTCOMHK77SZSZHTEV7VVWD14&marketplace=FLIPKART&q=laptops&store=6bo%2Fb5g&srno=s_1_20&otracker=search&fm=organic&iid=6809ba11-3b7f-4658-ad6f-b0e434ecd982.COMHK77SZSZHTEV7.SEARCH&ppt=None&ppn=None&ssid=4s7cknnvls0000001788947178799&qH=c06ea84a1e3dc3c6&ov_redirect=true,2026-09-09 09:46:13.810502
COMHFZYZFVD2MCAB,laptops,Acer Aspire 3 Intel Celeron Dual Core N4500 - (12 GB/512 GB SSD/Windows 11 Home) A324-45 Thin and Ligh...,flipkart,24990.0,32999.0,24.0,0.0,https://www.flipkart.com/acer-aspire-3-intel-celeron-dual-core-n4500-12-gb-512-gb-ssd-windows-11-home-a324-45-thin-light-laptop/p/itmbbfe217e40d59?pid=COMHFZYZFVD2MCAB&lid=LSTCOMHFZYZFVD2MCABTLQNKG&marketplace=FLIPKART&q=laptops&store=6bo%2Fb5g&srno=s_2_29&otracker=search&fm=organic&iid=6c9e8837-53ce-4a0a-b863-eb07d60eedba.COMHFZYZFVD2MCAB.SEARCH&ppt=sp&ppn=sp&ssid=9fee3qoudc0000001788947184432&qH=c06ea84a1e3dc3c6&ov_redirect=true,2026-09-09 09:46:13.810502
COMHM9URJR7BV3HY,laptops,ASUS ExpertBook Ultra Copilot+ PC Intel Core Ultra X7 358H - (32 GB/1 TB SSD/Windows 11 Home) B9406CAA...,flipkart,272990.0,449990.0,39.0,0.0,https://www.flipkart.com/asus-expertbook-ultra-copilot-pc-intel-core-x7-358h-32-gb-1-tb-ssd-windows-11-home-b9406caa-th1205ws-thin-light-laptop/p/itm8f6006a76d8bf?pid=COMHM9URJR7BV3HY&lid=LSTCOMHM9URJR7BV3HYEBIZAD&marketplace=FLIPKART&q=laptops&store=6bo%2Fb5g&srno=s_3_51&otracker=search&fm=organic&iid=en_ARC9fI5cJYVdI9eKhB3NepNl8LjLpBfMbLfMqNdSxmuGwSCRQXBWqEG5c-OStF9D2Zly4yJ4n6qVeZeYCy_kFs50ArVTxi4Y7vLdGveaXYmyew8FYTq-1MQDtpLybbhP&ppt=sp&ppn=sp&ssid=1r10yejg4w0000001788947193474&qH=c06ea84a1e3dc3c6&ov_redirect=true,2026-09-09 09:46:13.810502
COMHNNHG5N32TYQF,laptops,Lenovo Ultra 5 225U Intel Core Ultra 5 225U - (16 GB/1 TB SSD/Windows 11 Home) 21SKA0FTIG Laptop,flipkart,115999.0,120990.0,4.0,0.0,https://www.flipkart.com/lenovo-ultra-5-225u-intel-core-16-gb-1-tb-ssd-windows-11-home-21ska0ftig-laptop/p/itmb069abad9f7f6?pid=COMHNNHG5N32TYQF&lid=LSTCOMHNNHG5N32TYQFQ8NUWH&marketplace=FLIPKART&q=laptops&store=6bo%2Fb5g&srno=s_3_52&otracker=search&fm=organic&iid=en_ARC9fI5cJYVdI9eKhB3NepNl8LjLpBfMbLfMqNdSxmvKP_1jzcDjCWSd4gOwzF-2GiXcMx3g9EvtimWCOkhp0t4RbA6JxKlPy_h-31CD0dtjALksAvkiN84uautFYzqG&ppt=sp&ppn=sp&ssid=1r10yejg4w0000001788947193474&qH=c06ea84a1e3dc3c6&ov_redirect=true,2026-09-09 09:46:13.810502
COMHGYAFCZG8YRYS,laptops,ASUS ExpertBook P1 (i5 14th Gen) with 1 Yr ADP Intel Core 5 210H - (16 GB/512 GB SSD/Windows 11 Home) ...,flipkart,68990.0,89990.0,23.0,0.0,https://www.flipkart.com/asus-expertbook-p1-i5-14th-gen-1-yr-adp-intel-core-5-210h-16-gb-512-gb-ssd-windows-11-home-p1503cva-s72222ws-p1503cvayb-s73386ws-laptop/p/itmfe48dae26f674?pid=COMHGYAFCZG8YRYS&lid=LSTCOMHGYAFCZG8YRYSWDI8LO&marketplace=FLIPKART&q=laptops&store=6bo%2Fb5g&srno=s_3_53&otracker=search&fm=organic&iid=8a09b4b4-e81e-49c1-8dfd-528ab1219555.COMHGYAFCZG8YRYS.SEARCH&ppt=sp&ppn=sp&ssid=1r10yejg4w0000001788947193474&qH=c06ea84a1e3dc3c6&ov_redirect=true,2026-09-09 09:46:13.810502
COMHMHYHZPXKCEGJ,laptops,Acer Aspire One Intel Celeron Dual Core N4500 - (12 GB/512 GB SSD/Windows 11 Home) A114-45 Notebook,flipkart,49261.0,59999.0,17.0,0.0,https://www.flipkart.com/acer-aspire-one-intel-celeron-dual-core-n4500-12-gb-512-gb-ssd-windows-11-home-a114-45-notebook/p/itmb80971f8b2c27?pid=COMHMHYHZPXKCEGJ&lid=LSTCOMHMHYHZPXKCEGJRGTVTB&marketplace=FLIPKART&q=laptops&store=6bo%2Fb5g&srno=s_3_59&otracker=search&fm=organic&iid=8a09b4b4-e81e-49c1-8dfd-528ab1219555.COMHMHYHZPXKCEGJ.SEARCH&ppt=sp&ppn=sp&ssid=1r10yejg4w0000001788947193474&qH=c06ea84a1e3dc3c6&ov_redirect=true,2026-09-09 09:46:13.810502
COMHPKRBZT8NHPHY,laptops,Lenovo AMD Ryzen 3 Quad Core 30 - (8 GB/512 GB SSD/Windows 11 Home) IdeaPad Slim 3 15AMN8 Thin and Lig...,flipkart,52990.0,90980.0,41.0,0.0,https://www.flipkart.com/lenovo-amd-ryzen-3-quad-core-30-8-gb-512-gb-ssd-windows-11-home-ideapad-slim-15amn8-thin-light-laptop/p/itm136b8d3fe3ffc?pid=COMHPKRBZT8NHPHY&lid=LSTCOMHPKRBZT8NHPHYTAKZAL&marketplace=FLIPKART&q=laptops&store=6bo%2Fb5g&srno=s_3_60&otracker=search&fm=organic&iid=8a09b4b4-e81e-49c1-8dfd-528ab1219555.COMHPKRBZT8NHPHY.SEARCH&ppt=sp&ppn=sp&ssid=1r10yejg4w0000001788947193474&qH=c06ea84a1e3dc3c6&ov_redirect=true,2026-09-09 09:46:13.810502
COMH2TPSHCGYHHH8,laptops,Acer Aspire 3 Intel Celeron Dual Core N4500 - (12 GB/512 GB SSD/Windows 11 Home) A325-45 Thin and Ligh...,flipkart,39900.0,49999.0,20.0,0.0,https://www.flipkart.com/acer-aspire-3-intel-celeron-dual-core-n4500-12-gb-512-gb-ssd-windows-11-home-a325-45-thin-light-laptop/p/itm9ca67a1a3ea22?pid=COMH2TPSHCGYHHH8&lid=LSTCOMH2TPSHCGYHHH8BNJSIH&marketplace=FLIPKART&q=laptops&store=6bo%2Fb5g&srno=s_3_61&otracker=search&fm=organic&iid=8a09b4b4-e81e-49c1-8dfd-528ab1219555.COMH2TPSHCGYHHH8.SEARCH&ppt=sp&ppn=sp&ssid=1r10yejg4w0000001788947193474&qH=c06ea84a1e3dc3c6&ov_redirect=true,2026-09-09 09:46:13.810502
COMHF8KZGUMD7GHG,laptops,Acer Nitro V 15 Intel Core i5 13th Gen 13420H - (16 GB/512 GB SSD/Windows 11 Home/8 GB Graphics/NVIDIA...,flipkart,104990.0,114999.0,8.0,0.0,https://www.flipkart.com/acer-nitro-v-15-intel-core-i5-13th-gen-13420h-16-gb-512-gb-ssd-windows-11-home-8-graphics-nvidia-geforce-rtx-5050-anv15-52-gaming-laptop/p/itm9e214d20dd479?pid=COMHF8KZGUMD7GHG&lid=LSTCOMHF8KZGUMD7GHGBONZPK&marketplace=FLIPKART&q=laptops&store=6bo%2Fb5g&srno=s_3_64&otracker=search&fm=organic&iid=8a09b4b4-e81e-49c1-8dfd-528ab1219555.COMHF8KZGUMD7GHG.SEARCH&ppt=sp&ppn=sp&ssid=1r10yejg4w0000001788947193474&qH=c06ea84a1e3dc3c6&ov_redirect=true,2026-09-09 09:46:13.810502
COMHDWZ63ZXXJTNF,laptops,DELL Inspiron 15 (Core i3 14th Gen) Intel Core 3 100U - (8 GB/512 GB SSD/Windows 11 Home) DC15250 Thin...,flipkart,57490.0,62500.0,8.0,0.0,https://www.flipkart.com/dell-inspiron-15-core-i3-14th-gen-intel-core-3-100u-8-gb-512-gb-ssd-windows-11-home-dc15250-thin-light-laptop/p/itmf98b77e821f82?pid=COMHDWZ63ZXXJTNF&lid=LSTCOMHDWZ63ZXXJTNFND75LO&marketplace=FLIPKART&q=laptops&store=6bo%2Fb5g&srno=s_3_66&otracker=search&fm=organic&iid=8a09b4b4-e81e-49c1-8dfd-528ab1219555.COMHDWZ63ZXXJTNF.SEARCH&ppt=sp&ppn=sp&ssid=1r10yejg4w0000001788947193474&qH=c06ea84a1e3dc3c6&ov_redirect=true,2026-09-09 09:46:13.810502
COMHGEUYS4ZYZU3R,laptops,Acer Aspire 7 (i7 14th Gen) Intel Core 7 240H - (16 GB/512 GB SSD/Windows 11 Home/6 GB Graphics/NVIDIA...,flipkart,99999.0,,0.0,0.0,https://www.flipkart.com/acer-aspire-7-i7-14th-gen-intel-core-240h-16-gb-512-gb-ssd-windows-11-home-6-graphics-nvidia-geforce-rtx-4050-a715-79g-gaming-laptop/p/itm72da8c5c6f3c9?pid=COMHGEUYS4ZYZU3R&lid=LSTCOMHGEUYS4ZYZU3RVLUMJZ&marketplace=FLIPKART&q=laptops&store=6bo%2Fb5g&srno=s_3_68&otracker=search&fm=organic&iid=8a09b4b4-e81e-49c1-8dfd-528ab1219555.COMHGEUYS4ZYZU3R.SEARCH&ppt=sp&ppn=sp&ssid=1r10yejg4w0000001788947193474&qH=c06ea84a1e3dc3c6&ov_redirect=true,2026-09-09 09:46:13.810502
COMH8EPFHZRD9YDC,laptops,DELL 15 AMD Ryzen 5 Quad Core 7520U - (8 GB/512 GB SSD/Windows 11 Home) 3535 Thin and Light Laptop,flipkart,55990.0,,0.0,0.0,https://www.flipkart.com/dell-15-amd-ryzen-5-quad-core-7520u-8-gb-512-gb-ssd-windows-11-home-3535-thin-light-laptop/p/itm277d6cd7790c2?pid=COMH8EPFHZRD9YDC&lid=LSTCOMH8EPFHZRD9YDCCMED2K&marketplace=FLIPKART&q=laptops&store=6bo%2Fb5g&srno=s_3_69&otracker=search&fm=organic&iid=8a09b4b4-e81e-49c1-8dfd-528ab1219555.COMH8EPFHZRD9YDC.SEARCH&ppt=sp&ppn=sp&ssid=1r10yejg4w0000001788947193474&qH=c06ea84a1e3dc3c6&ov_redirect=true,2026-09-09 09:46:13.810502
COMHN4F7HVEHFUYW,laptops,ASUS Intel Core N Intel Processor N50 - (8 GB/128 GB EMMC Storage/Chrome OS) CX1405CTA-S60622 Chromebo...,flipkart,39499.0,39990.0,1.0,0.0,https://www.flipkart.com/asus-intel-core-n-processor-n50-8-gb-128-gb-emmc-storage-chrome-os-cx1405cta-s60622-chromebook/p/itma4d51dacf143e?pid=COMHN4F7HVEHFUYW&lid=LSTCOMHN4F7HVEHFUYWLCTFPY&marketplace=FLIPKART&q=laptops&store=6bo%2Fb5g&srno=s_3_70&otracker=search&fm=organic&iid=8a09b4b4-e81e-49c1-8dfd-528ab1219555.COMHN4F7HVEHFUYW.SEARCH&ppt=sp&ppn=sp&ssid=1r10yejg4w0000001788947193474&qH=c06ea84a1e3dc3c6&ov_redirect=true,2026-09-09 09:46:13.810502
COMHHAFFVHDWM5QB,laptops,ASUS Vivobook 15 (2026) with Office 2024 + M365 Basic(i3 14th Gen) Intel Core 3 14th Gen 100U - (8 GB/...,flipkart,59990.0,84990.0,29.0,0.0,https://www.flipkart.com/asus-vivobook-15-2026-office-2024-m365-basic-i3-14th-gen-intel-core-3-gen-100u-8-gb-512-gb-ssd-windows-11-home-x1504vap-bq1322ws-thin-light-laptop/p/itm8e8288a414a80?pid=COMHHAFFVHDWM5QB&lid=LSTCOMHHAFFVHDWM5QBI67SNE&marketplace=FLIPKART&q=laptops&store=6bo%2Fb5g&srno=s_3_71&otracker=search&fm=organic&iid=8a09b4b4-e81e-49c1-8dfd-528ab1219555.COMHHAFFVHDWM5QB.SEARCH&ppt=sp&ppn=sp&ssid=1r10yejg4w0000001788947193474&qH=c06ea84a1e3dc3c6&ov_redirect=true,2026-09-09 09:46:13.810502
COMHA9FK8YXVUUWA,laptops,Lenovo 100e Chromebook Gen 4 MediaTek Kompanio 520 - (4 GB/32 GB EMMC Storage/Chrome OS) 100e Chromebo...,flipkart,20990.0,25100.0,16.0,0.0,https://www.flipkart.com/lenovo-100e-chromebook-gen-4-mediatek-kompanio-520-4-gb-32-gb-emmc-storage-chrome-os/p/itm041aea27f1885?pid=COMHA9FK8YXVUUWA&lid=LSTCOMHA9FK8YXVUUWAEISF9G&marketplace=FLIPKART&q=laptops&store=6bo%2Fb5g&srno=s_1_2&otracker=search&fm=organic&iid=7786910e-aed2-4ead-a9af-a663633b5311.COMHA9FK8YXVUUWA.SEARCH&ppt=None&ppn=None&ssid=5rm1xmgey80000001788948802284&qH=c06ea84a1e3dc3c6&ov_redirect=true,2026-09-09 10:13:19.274851
COMHD8BGH99YFMNR,laptops,Neopticon BrowseBook Intel Celeron Dual Core N4020 - (4 GB/256 GB SSD/Windows 11 Home) BBN40425614 Lap...,flipkart,24999.0,29533.0,15.0,0.0,https://www.flipkart.com/neopticon-browsebook-intel-celeron-dual-core-n4020-4-gb-256-gb-ssd-windows-11-home-bbn40425614-laptop/p/itm37acb99d8fded?pid=COMHD8BGH99YFMNR&lid=LSTCOMHD8BGH99YFMNRQ9MKZO&marketplace=FLIPKART&q=laptops&store=6bo%2Fb5g&srno=s_1_3&otracker=search&fm=organic&iid=7786910e-aed2-4ead-a9af-a663633b5311.COMHD8BGH99YFMNR.SEARCH&ppt=None&ppn=None&ssid=5rm1xmgey80000001788948802284&qH=c06ea84a1e3dc3c6&ov_redirect=true,2026-09-09 10:13:19.274851
COMHKQA3FFDKKNHZ,laptops,ASUS Chromebook CX15 Intel Celeron Dual Core N50 - (4 GB/64 GB EMMC Storage/Chrome OS) CX1505CTA-S7025...,flipkart,24990.0,,0.0,0.0,https://www.flipkart.com/asus-chromebook-cx15-intel-celeron-dual-core-n50-4-gb-64-gb-emmc-storage-chrome-os-cx1505cta-s70256-laptop/p/itm987fe58d63593?pid=COMHKQA3FFDKKNHZ&lid=LSTCOMHKQA3FFDKKNHZT4TS4R&marketplace=FLIPKART&q=laptops&store=6bo%2Fb5g&srno=s_1_4&otracker=search&fm=organic&iid=7786910e-aed2-4ead-a9af-a663633b5311.COMHKQA3FFDKKNHZ.SEARCH&ppt=None&ppn=None&ssid=5rm1xmgey80000001788948802284&qH=c06ea84a1e3dc3c6&ov_redirect=true,2026-09-09 10:13:19.274851
COMHBFRJEWGN4FMY,laptops,HP MSO 2024 Intel Core i3 13th Gen 1315U - (16 GB/512 GB SSD/Windows 11 Home) 15-fd0574TU / 15 - fd066...,flipkart,50903.0,,0.0,0.0,https://www.flipkart.com/hp-mso-2024-intel-core-i3-13th-gen-1315u-16-gb-512-gb-ssd-windows-11-home-15-fd0574tu-15-fd0668tu-thin-light-laptop/p/itmcb9e5b7b2d3fb?pid=COMHBFRJEWGN4FMY&lid=LSTCOMHBFRJEWGN4FMYNEJ3G6&marketplace=FLIPKART&q=laptops&store=6bo%2Fb5g&srno=s_1_5&otracker=search&fm=organic&iid=7786910e-aed2-4ead-a9af-a663633b5311.COMHBFRJEWGN4FMY.SEARCH&ppt=None&ppn=None&ssid=5rm1xmgey80000001788948802284&qH=c06ea84a1e3dc3c6&ov_redirect=true,2026-09-09 10:13:19.274851
COMHNHH8FBHVAY2N,laptops,ASUS ROG Zephyrus G16 OLED (2026) Intel Core Ultra 9 386H - (32 GB/2 TB SSD/Windows 11 Home/12 GB Grap...,flipkart,489990.0,593990.0,17.0,0.0,https://www.flipkart.com/asus-rog-zephyrus-g16-oled-2026-intel-core-ultra-9-386h-32-gb-2-tb-ssd-windows-11-home-12-gb-graphics-nvidia-geforce-rtx-5070-ti-240-hz-gu606ar-tb039ws-gaming-laptop/p/itmdee0c1001d6a1?pid=COMHNHH8FBHVAY2N&lid=LSTCOMHNHH8FBHVAY2NVLQNF7&marketplace=FLIPKART&q=laptops&store=6bo%2Fb5g&srno=s_1_6&otracker=search&fm=organic&iid=7786910e-aed2-4ead-a9af-a663633b5311.COMHNHH8FBHVAY2N.SEARCH&ppt=None&ppn=None&ssid=5rm1xmgey80000001788948802284&qH=c06ea84a1e3dc3c6&ov_redirect=true,2026-09-09 10:13:19.274851
COMHFSGXHHSXD7MF,laptops,DELL 14 Microsoft Office Home 2024 Snapdragon X - (16 GB/512 GB SSD/Windows 11 Home) Inspiron 5441 Thi...,flipkart,64990.0,87704.0,25.0,0.0,https://www.flipkart.com/dell-14-microsoft-office-home-2024-snapdragon-x-16-gb-512-gb-ssd-windows-11-home-inspiron-5441-thin-light-laptop/p/itmb16ff5081b580?pid=COMHFSGXHHSXD7MF&lid=LSTCOMHFSGXHHSXD7MFSS6YFV&marketplace=FLIPKART&q=laptops&store=6bo%2Fb5g&srno=s_1_8&otracker=search&fm=organic&iid=7786910e-aed2-4ead-a9af-a663633b5311.COMHFSGXHHSXD7MF.SEARCH&ppt=None&ppn=None&ssid=5rm1xmgey80000001788948802284&qH=c06ea84a1e3dc3c6&ov_redirect=true,2026-09-09 10:13:19.274851
COMGT846VD2DQBG4,laptops,Primebook Wifi (2026 Model) MediaTek MT8183 - (4 GB/64 GB EMMC Storage/Prime OS) PB Wifi Thin and Ligh...,flipkart,17490.0,24990.0,30.0,0.0,https://www.flipkart.com/primebook-wifi-2026-model-mediatek-mt8183-4-gb-64-gb-emmc-storage-prime-os-pb-thin-light-laptop/p/itmfd14d0fbf7736?pid=COMGT846VD2DQBG4&lid=LSTCOMGT846VD2DQBG4VPIAOU&marketplace=FLIPKART&q=laptops&store=6bo%2Fb5g&srno=s_1_9&otracker=search&fm=organic&iid=7786910e-aed2-4ead-a9af-a663633b5311.COMGT846VD2DQBG4.SEARCH&ppt=None&ppn=None&ssid=5rm1xmgey80000001788948802284&qH=c06ea84a1e3dc3c6&ov_redirect=true,2026-09-09 10:13:19.274851
COMHZZG7M4JZ5KZS,laptops,Acer Chromebook MediaTek Kompanio 540 - (4 GB/128 GB EMMC Storage/Chrome OS) CB315-8H Chromebook,flipkart,34900.0,52999.0,34.0,0.0,https://www.flipkart.com/acer-chromebook-mediatek-kompanio-540-4-gb-128-gb-emmc-storage-chrome-os-cb315-8h/p/itmea4932ad64851?pid=COMHZZG7M4JZ5KZS&lid=LSTCOMHZZG7M4JZ5KZSBKT7WR&marketplace=FLIPKART&q=laptops&store=6bo%2Fb5g&srno=s_1_10&otracker=search&fm=organic&iid=7786910e-aed2-4ead-a9af-a663633b5311.COMHZZG7M4JZ5KZS.SEARCH&ppt=None&ppn=None&ssid=5rm1xmgey80000001788948802284&qH=c06ea84a1e3dc3c6&ov_redirect=true,2026-09-09 10:13:19.274851
COMGMV6VQPNPGCBW,laptops,MSI Modern 14 Intel Core i3 12th Gen 1215U - (8 GB/512 GB SSD/Windows 11 Home) Modern 14 C12M-445IN / ...,flipkart,44990.0,,0.0,0.0,https://www.flipkart.com/msi-modern-14-intel-core-i3-12th-gen-1215u-8-gb-512-gb-ssd-windows-11-home-c12m-445in-c12mo-1022in-thin-light-laptop/p/itmef8f5c6fd8e76?pid=COMGMV6VQPNPGCBW&lid=LSTCOMGMV6VQPNPGCBWBS1ZKN&marketplace=FLIPKART&q=laptops&store=6bo%2Fb5g&srno=s_1_11&otracker=search&fm=organic&iid=7786910e-aed2-4ead-a9af-a663633b5311.COMGMV6VQPNPGCBW.SEARCH&ppt=None&ppn=None&ssid=5rm1xmgey80000001788948802284&qH=c06ea84a1e3dc3c6&ov_redirect=true,2026-09-09 10:13:19.274851
COMH6BCGNK3NGTE4,laptops,WarnerCann Hi5 pro Intel Core i5 12th Gen - (8 GB/256 GB SSD/Windows 11 Pro) Hi5 Pro Business Laptop B...,flipkart,34566.0,56000.0,38.0,0.0,https://www.flipkart.com/warnercann-hi5-pro-intel-core-i5-12th-gen-8-gb-256-gb-ssd-windows-11-pro-business-laptop/p/itm03fe2b09295a7?pid=COMH6BCGNK3NGTE4&lid=LSTCOMH6BCGNK3NGTE4S7UJUE&marketplace=FLIPKART&q=laptops&store=6bo%2Fb5g&srno=s_1_12&otracker=search&fm=organic&iid=7786910e-aed2-4ead-a9af-a663633b5311.COMH6BCGNK3NGTE4.SEARCH&ppt=None&ppn=None&ssid=5rm1xmgey80000001788948802284&qH=c06ea84a1e3dc3c6&ov_redirect=true,2026-09-09 10:13:19.274851
COMGZUYDFZXHWYWZ,laptops,Samsung Galaxy Book4 Metal Intel Core i5 13th Gen 1335U - (8 GB/512 GB SSD/Windows 11 Home) NP750XGJ-K...,flipkart,60990.0,78189.0,21.0,0.0,https://www.flipkart.com/samsung-galaxy-book4-metal-intel-core-i5-13th-gen-1335u-8-gb-512-gb-ssd-windows-11-home-np750xgj-kg1in-np750xgj-lg1in-np750xgj-lg6in-thin-light-laptop/p/itm1df5212efb9fc?pid=COMGZUYDFZXHWYWZ&lid=LSTCOMGZUYDFZXHWYWZJ6V2KW&marketplace=FLIPKART&q=laptops&store=6bo%2Fb5g&srno=s_1_13&otracker=search&fm=organic&iid=7786910e-aed2-4ead-a9af-a663633b5311.COMGZUYDFZXHWYWZ.SEARCH&ppt=None&ppn=None&ssid=5rm1xmgey80000001788948802284&qH=c06ea84a1e3dc3c6&ov_redirect=true,2026-09-09 10:13:19.274851
COMH2TPSVSGUVKY4,laptops,Acer Aspire Lite AMD Ryzen 3 Quad Core 5400U - (8 GB/256 GB SSD/Windows 11 Home) AL15-41 Thin and Ligh...,flipkart,39990.0,44990.0,11.0,0.0,https://www.flipkart.com/acer-aspire-lite-amd-ryzen-3-quad-core-5400u-8-gb-256-gb-ssd-windows-11-home-al15-41-thin-light-laptop/p/itm1bc0bcb4598e7?pid=COMH2TPSVSGUVKY4&lid=LSTCOMH2TPSVSGUVKY4MJENVA&marketplace=FLIPKART&q=laptops&store=6bo%2Fb5g&srno=s_1_14&otracker=search&fm=organic&iid=7786910e-aed2-4ead-a9af-a663633b5311.COMH2TPSVSGUVKY4.SEARCH&ppt=None&ppn=None&ssid=5rm1xmgey80000001788948802284&qH=c06ea84a1e3dc3c6&ov_redirect=true,2026-09-09 10:13:19.274851
COMHKQA3R42GHHJF,laptops,ASUS Chromebook CX14 Intel Celeron Dual Core N50 - (4 GB/64 GB EMMC Storage/Chrome OS) CX1405CTA-S6062...,flipkart,24402.0,28990.0,15.0,0.0,https://www.flipkart.com/asus-chromebook-cx14-intel-celeron-dual-core-n50-4-gb-64-gb-emmc-storage-chrome-os-cx1405cta-s60620-laptop/p/itm5a14f3731bf15?pid=COMHKQA3R42GHHJF&lid=LSTCOMHKQA3R42GHHJF2PWTQM&marketplace=FLIPKART&q=laptops&store=6bo%2Fb5g&srno=s_1_15&otracker=search&fm=organic&iid=7786910e-aed2-4ead-a9af-a663633b5311.COMHKQA3R42GHHJF.SEARCH&ppt=None&ppn=None&ssid=5rm1xmgey80000001788948802284&qH=c06ea84a1e3dc3c6&ov_redirect=true,2026-09-09 10:13:19.274851
COMH8Z2QRWQQZTCJ,laptops,ASUS Expertbook P1 with 1 Yr ADP(i3 14th Gen) Intel Core 3 13th Gen 1315U - (8 GB/512 GB SSD/Windows 1...,flipkart,47990.0,69990.0,31.0,0.0,https://www.flipkart.com/asus-expertbook-p1-1-yr-adp-i3-14th-gen-intel-core-3-13th-gen-1315u-8-gb-512-gb-ssd-windows-11-home-p1403cva-s60343ws-thin-light-laptop/p/itm275e21a6deac0?pid=COMH8Z2QRWQQZTCJ&lid=LSTCOMH8Z2QRWQQZTCJ7QVQUG&marketplace=FLIPKART&q=laptops&store=6bo%2Fb5g&srno=s_1_16&otracker=search&fm=organic&iid=7786910e-aed2-4ead-a9af-a663633b5311.COMH8Z2QRWQQZTCJ.SEARCH&ppt=None&ppn=None&ssid=5rm1xmgey80000001788948802284&qH=c06ea84a1e3dc3c6&ov_redirect=true,2026-09-09 10:13:19.274851
COMH2TPSM9V7V38F,laptops,Acer Aspire Lite AMD Ryzen 3 Quad Core 5400U - (8 GB/512 GB SSD/Windows 11 Home) AL15-41 Thin and Ligh...,flipkart,46990.0,49990.0,6.0,0.0,https://www.flipkart.com/acer-aspire-lite-amd-ryzen-3-quad-core-5400u-8-gb-512-gb-ssd-windows-11-home-al15-41-thin-light-laptop/p/itm1bc0bcb4598e7?pid=COMH2TPSM9V7V38F&lid=LSTCOMH2TPSM9V7V38FUK0ITB&marketplace=FLIPKART&q=laptops&store=6bo%2Fb5g&srno=s_1_17&otracker=search&fm=organic&iid=7786910e-aed2-4ead-a9af-a663633b5311.COMH2TPSM9V7V38F.SEARCH&ppt=None&ppn=None&ssid=5rm1xmgey80000001788948802284&qH=c06ea84a1e3dc3c6&ov_redirect=true,2026-09-09 10:13:19.274851
COMH4B6CGZKHKUV3,laptops,Acer Aspire 3 Intel Core i5 13th Gen 1334U - (16 GB/512 GB SSD/Windows 11 Home) A324-53 Thin and Light...,flipkart,49990.0,66999.0,25.0,0.0,https://www.flipkart.com/acer-aspire-3-intel-core-i5-13th-gen-1334u-16-gb-512-gb-ssd-windows-11-home-a324-53-thin-light-laptop/p/itm707770fddc7e9?pid=COMH4B6CGZKHKUV3&lid=LSTCOMH4B6CGZKHKUV37HVWQK&marketplace=FLIPKART&q=laptops&store=6bo%2Fb5g&srno=s_1_18&otracker=search&fm=organic&iid=7786910e-aed2-4ead-a9af-a663633b5311.COMH4B6CGZKHKUV3.SEARCH&ppt=None&ppn=None&ssid=5rm1xmgey80000001788948802284&qH=c06ea84a1e3dc3c6&ov_redirect=true,2026-09-09 10:13:19.274851
COMH7NCZGGGWQC4W,laptops,Acer Aspire 3 Intel Celeron Dual Core - (8 GB/128 GB SSD/Windows 11 Home) A311-45 Thin and Light Lapto...,flipkart,35500.0,49990.0,28.0,0.0,https://www.flipkart.com/acer-aspire-3-intel-celeron-dual-core-8-gb-128-gb-ssd-windows-11-home-a311-45-thin-light-laptop/p/itmad38595c5a902?pid=COMH7NCZGGGWQC4W&lid=LSTCOMH7NCZGGGWQC4WQWLTBD&marketplace=FLIPKART&q=laptops&store=6bo%2Fb5g&srno=s_1_19&otracker=search&fm=organic&iid=7786910e-aed2-4ead-a9af-a663633b5311.COMH7NCZGGGWQC4W.SEARCH&ppt=None&ppn=None&ssid=5rm1xmgey80000001788948802284&qH=c06ea84a1e3dc3c6&ov_redirect=true,2026-09-09 10:13:19.274851
COMHCYMG83BGNQHH,laptops,Lenovo Chromebook 11IJL9 Intel Celeron Dual Core N4500 - (4 GB/64 GB EMMC Storage/Chrome OS) Chromeboo...,flipkart,16990.0,36502.0,53.0,0.0,https://www.flipkart.com/lenovo-chromebook-11ijl9-intel-celeron-dual-core-n4500-4-gb-64-gb-emmc-storage-chrome-os/p/itmd2a376187074e?pid=COMHCYMG83BGNQHH&lid=LSTCOMHCYMG83BGNQHHQNGMKF&marketplace=FLIPKART&q=laptops&store=6bo%2Fb5g&srno=s_1_20&otracker=search&fm=organic&iid=7786910e-aed2-4ead-a9af-a663633b5311.COMHCYMG83BGNQHH.SEARCH&ppt=None&ppn=None&ssid=5rm1xmgey80000001788948802284&qH=c06ea84a1e3dc3c6&ov_redirect=true,2026-09-09 10:13:19.274851
COMHH6Q4E6HYUURM,laptops,HP 15 AMD Ryzen 5 Quad Core 7520U - (8 GB/512 GB SSD/Windows 11 Home) 15-fc0805AU Thin and Light Lapto...,flipkart,58952.0,87179.0,32.0,0.0,https://www.flipkart.com/hp-15-amd-ryzen-5-quad-core-7520u-8-gb-512-gb-ssd-windows-11-home-15-fc0805au-thin-light-laptop/p/itm044828973e180?pid=COMHH6Q4E6HYUURM&lid=LSTCOMHH6Q4E6HYUURMKTTSEK&marketplace=FLIPKART&q=laptops&store=6bo%2Fb5g&srno=s_1_21&otracker=search&fm=organic&iid=7786910e-aed2-4ead-a9af-a663633b5311.COMHH6Q4E6HYUURM.SEARCH&ppt=None&ppn=None&ssid=5rm1xmgey80000001788948802284&qH=c06ea84a1e3dc3c6&ov_redirect=true,2026-09-09 10:13:19.274851
COMH397XPF4Z3BMX,laptops,Acer Aspire 3 Backlit AMD Ryzen 7 Octa Core 7730U - (16 GB/512 GB SSD/Windows 11 Home) Aspire AS15 - 4...,flipkart,54990.0,72999.0,24.0,0.0,https://www.flipkart.com/acer-aspire-3-backlit-amd-ryzen-7-octa-core-7730u-16-gb-512-gb-ssd-windows-11-home-as15-42-thin-light-laptop/p/itmdaf15e01a1d1a?pid=COMH397XPF4Z3BMX&lid=LSTCOMH397XPF4Z3BMXL8O53G&marketplace=FLIPKART&q=laptops&store=6bo%2Fb5g&srno=s_1_22&otracker=search&fm=organic&iid=7786910e-aed2-4ead-a9af-a663633b5311.COMH397XPF4Z3BMX.SEARCH&ppt=None&ppn=None&ssid=5rm1xmgey80000001788948802284&qH=c06ea84a1e3dc3c6&ov_redirect=true,2026-09-09 10:13:19.274851
COMHD8BGPXTWVY3J,laptops,Neopticon BrowseBook Intel Celeron Dual Core N4020 - (4 GB/128 GB SSD/Windows 11 Home) BBN40412814 Lap...,flipkart,15989.0,25990.0,38.0,0.0,https://www.flipkart.com/neopticon-browsebook-intel-celeron-dual-core-n4020-4-gb-128-gb-ssd-windows-11-home-bbn40412814-laptop/p/itm8249747b82715?pid=COMHD8BGPXTWVY3J&lid=LSTCOMHD8BGPXTWVY3JIBMJED&marketplace=FLIPKART&q=laptops&store=6bo%2Fb5g&spotlightTagId=default_TrendingId_6bo%2Fb5g&srno=s_1_23&otracker=search&fm=organic&iid=7786910e-aed2-4ead-a9af-a663633b5311.COMHD8BGPXTWVY3J.SEARCH&ppt=None&ppn=None&ssid=5rm1xmgey80000001788948802284&qH=c06ea84a1e3dc3c6&ov_redirect=true,2026-09-09 10:13:19.274851
COMHDZVEE22P67WR,laptops,HP Victus AI AMD Ryzen 7 Octa Core 260 - (24 GB/1 TB SSD/Windows 11 Home/8 GB Graphics/NVIDIA GeForce ...,flipkart,120928.0,,0.0,0.0,https://www.flipkart.com/hp-victus-ai-amd-ryzen-7-octa-core-260-24-gb-1-tb-ssd-windows-11-home-8-gb-graphics-nvidia-geforce-rtx-5050-15-fb3185ax-gaming-laptop/p/itm08bbf58218363?pid=COMHDZVEE22P67WR&lid=LSTCOMHDZVEE22P67WR32U1SH&marketplace=FLIPKART&q=laptops&store=6bo%2Fb5g&srno=s_1_24&otracker=search&fm=organic&iid=7786910e-aed2-4ead-a9af-a663633b5311.COMHDZVEE22P67WR.SEARCH&ppt=None&ppn=None&ssid=5rm1xmgey80000001788948802284&qH=c06ea84a1e3dc3c6&ov_redirect=true,2026-09-09 10:13:19.274851
COMHZW7ATMPJXGDS,laptops,Acer One 15 AMD Ryzen 3 Octa Core 7320U - (8 GB/256 GB SSD/Windows 11 Home) AO15-41M-G2 Notebook,flipkart,42899.0,57500.0,25.0,0.0,https://www.flipkart.com/acer-one-15-amd-ryzen-3-octa-core-7320u-8-gb-256-gb-ssd-windows-11-home-ao15-41m-g2-notebook/p/itmd10ebd21ce9cc?pid=COMHZW7ATMPJXGDS&lid=LSTCOMHZW7ATMPJXGDSMVDRMA&marketplace=FLIPKART&q=laptops&store=6bo%2Fb5g&srno=s_2_25&otracker=search&fm=organic&iid=7f94d40e-390a-48ac-9797-29c1c4e5b1c2.COMHZW7ATMPJXGDS.SEARCH&ppt=sp&ppn=sp&ssid=y08kitb2dc0000001788948807273&qH=c06ea84a1e3dc3c6&ov_redirect=true,2026-09-09 10:13:19.274851
COMHGWQY66YNGVFK,laptops,ASUS Vivobook 15 (2025) with Office 2024 + M365 Basic* Intel Core i3 13th Gen - (8 GB/512 GB SSD/Windo...,flipkart,44990.0,75990.0,40.0,0.0,https://www.flipkart.com/asus-vivobook-15-2025-office-2024-m365-basic-intel-core-i3-13th-gen-8-gb-512-gb-ssd-windows-11-home-x1504va-d5321ws-thin-light-laptop/p/itma044347a6922b?pid=COMHGWQY66YNGVFK&lid=LSTCOMHGWQY66YNGVFKYKVYYT&marketplace=FLIPKART&q=laptops&store=6bo%2Fb5g&srno=s_2_26&otracker=search&fm=organic&iid=7f94d40e-390a-48ac-9797-29c1c4e5b1c2.COMHGWQY66YNGVFK.SEARCH&ppt=sp&ppn=sp&ssid=y08kitb2dc0000001788948807273&qH=c06ea84a1e3dc3c6&ov_redirect=true,2026-09-09 10:13:19.274851
COMGFHMJFHEDTDD4,laptops,Acer One 14 AMD Ryzen 3 Quad Core 7320U - (8 GB/256 GB SSD/Windows 11 Home) A114-43 Thin and Light Lap...,flipkart,,,0.0,0.0,https://www.flipkart.com/acer-one-14-amd-ryzen-3-quad-core-7320u-8-gb-256-gb-ssd-windows-11-home-a114-43-thin-light-laptop/p/itm283f44123aab0?pid=COMGFHMJFHEDTDD4&q=laptops&store=6bo%2Fb5g&srno=s_2_28&otracker=search&fm=organic&iid=7f94d40e-390a-48ac-9797-29c1c4e5b1c2.COMGFHMJFHEDTDD4.SEARCH&ppt=sp&ppn=sp&ssid=y08kitb2dc0000001788948807273&qH=c06ea84a1e3dc3c6&ov_redirect=true,2026-09-09 10:13:19.274851
COMH7NCZY2QDJ5Z4,laptops,Acer Aspire 3 Intel Celeron Dual Core - (8 GB/512 GB SSD/Windows 11 Home) A311-45 Thin and Light Lapto...,flipkart,36882.0,45990.0,19.0,0.0,https://www.flipkart.com/acer-aspire-3-intel-celeron-dual-core-8-gb-512-gb-ssd-windows-11-home-a311-45-thin-light-laptop/p/itmad38595c5a902?pid=COMH7NCZY2QDJ5Z4&lid=LSTCOMH7NCZY2QDJ5Z4UF1VE8&marketplace=FLIPKART&q=laptops&store=6bo%2Fb5g&srno=s_2_29&otracker=search&fm=organic&iid=7f94d40e-390a-48ac-9797-29c1c4e5b1c2.COMH7NCZY2QDJ5Z4.SEARCH&ppt=sp&ppn=sp&ssid=y08kitb2dc0000001788948807273&qH=c06ea84a1e3dc3c6&ov_redirect=true,2026-09-09 10:13:19.274851
COMHNNKQR9FURZZQ,laptops,Acer Aspire 5 Intel Core Ultra 5 125H - (16 GB/512 GB SSD/Windows 11 Home) A514-54H Notebook,flipkart,69890.0,99990.0,30.0,0.0,https://www.flipkart.com/acer-aspire-5-intel-core-ultra-125h-16-gb-512-gb-ssd-windows-11-home-a514-54h-notebook/p/itmd237a2b9aa3ad?pid=COMHNNKQR9FURZZQ&lid=LSTCOMHNNKQR9FURZZQIVFW7Q&marketplace=FLIPKART&q=laptops&store=6bo%2Fb5g&srno=s_2_30&otracker=search&fm=organic&iid=7f94d40e-390a-48ac-9797-29c1c4e5b1c2.COMHNNKQR9FURZZQ.SEARCH&ppt=sp&ppn=sp&ssid=y08kitb2dc0000001788948807273&qH=c06ea84a1e3dc3c6&ov_redirect=true,2026-09-09 10:13:19.274851
COMHM55EDFBDAHHZ,laptops,HP {2026} AMD Ryzen 5 Hexa Core 7535U - (8 GB/512 GB SSD/Windows 11 Home) 255R G10 Laptop,flipkart,57990.0,65990.0,12.0,0.0,https://www.flipkart.com/hp-2026-amd-ryzen-5-hexa-core-7535u-8-gb-512-gb-ssd-windows-11-home-255r-g10-laptop/p/itm1f7ad53b95048?pid=COMHM55EDFBDAHHZ&lid=LSTCOMHM55EDFBDAHHZLUEFMP&marketplace=FLIPKART&q=laptops&store=6bo%2Fb5g&srno=s_2_31&otracker=search&fm=organic&iid=7f94d40e-390a-48ac-9797-29c1c4e5b1c2.COMHM55EDFBDAHHZ.SEARCH&ppt=sp&ppn=sp&ssid=y08kitb2dc0000001788948807273&qH=c06ea84a1e3dc3c6&ov_redirect=true,2026-09-09 10:13:19.274851
COMHK55FMC67NQ5V,laptops,HP MS Office 2024 Intel Core i5 13th Gen 13420H - (16 GB/512 GB SSD/Windows 11 Home) 15-fr0045TU Thin ...,flipkart,67990.0,69023.0,1.0,0.0,https://www.flipkart.com/hp-ms-office-2024-intel-core-i5-13th-gen-13420h-16-gb-512-gb-ssd-windows-11-home-15-fr0045tu-thin-light-laptop/p/itm5a4df44828227?pid=COMHK55FMC67NQ5V&lid=LSTCOMHK55FMC67NQ5VHTFVCX&marketplace=FLIPKART&q=laptops&store=6bo%2Fb5g&srno=s_2_32&otracker=search&fm=organic&iid=7f94d40e-390a-48ac-9797-29c1c4e5b1c2.COMHK55FMC67NQ5V.SEARCH&ppt=sp&ppn=sp&ssid=y08kitb2dc0000001788948807273&qH=c06ea84a1e3dc3c6&ov_redirect=true,2026-09-09 10:13:19.274851
COMH397XW36HUXB8,laptops,Acer Aspire 15 AMD Office 2024 + M365 Basic AMD Ryzen 5 Hexa Core 7430U - (16 GB/512 GB SSD/Windows 11...,flipkart,56990.0,59990.0,5.0,0.0,https://www.flipkart.com/acer-aspire-15-amd-office-2024-m365-basic-ryzen-5-hexa-core-7430u-16-gb-512-gb-ssd-windows-11-home-as15-42-thin-light-laptop/p/itmdaf15e01a1d1a?pid=COMH397XW36HUXB8&lid=LSTCOMH397XW36HUXB8EV5XN8&marketplace=FLIPKART&q=laptops&store=6bo%2Fb5g&srno=s_2_33&otracker=search&fm=organic&iid=7f94d40e-390a-48ac-9797-29c1c4e5b1c2.COMH397XW36HUXB8.SEARCH&ppt=sp&ppn=sp&ssid=y08kitb2dc0000001788948807273&qH=c06ea84a1e3dc3c6&ov_redirect=true,2026-09-09 10:13:19.274851
COMHG77QAFYQFUQG,laptops,HP 255 G10 (2025) AMD Athlon Dual Core 7120U - (8 GB/256 GB SSD/Windows 11 Pro) 255 G10 Thin and Light...,flipkart,47999.0,50128.0,4.0,0.0,https://www.flipkart.com/hp-255-g10-2025-amd-athlon-dual-core-7120u-8-gb-256-gb-ssd-windows-11-pro-thin-light-laptop/p/itm7e340cc25ba7f?pid=COMHG77QAFYQFUQG&lid=LSTCOMHG77QAFYQFUQG55MDY7&marketplace=FLIPKART&q=laptops&store=6bo%2Fb5g&srno=s_2_34&otracker=search&fm=organic&iid=7f94d40e-390a-48ac-9797-29c1c4e5b1c2.COMHG77QAFYQFUQG.SEARCH&ppt=sp&ppn=sp&ssid=y08kitb2dc0000001788948807273&qH=c06ea84a1e3dc3c6&ov_redirect=true,2026-09-09 10:13:19.274851
COMHMPEEGVJYYZ2Z,laptops,Acer Aspire 3 (i3 14th Gen) Intel Core 3 100U - (8 GB/512 GB SSD/Windows 11 Home) A324-53 Notebook,flipkart,54990.0,94999.0,42.0,0.0,https://www.flipkart.com/acer-aspire-3-i3-14th-gen-intel-core-100u-8-gb-512-gb-ssd-windows-11-home-a324-53-notebook/p/itmcc145dc1a3908?pid=COMHMPEEGVJYYZ2Z&lid=LSTCOMHMPEEGVJYYZ2ZUKNNI5&marketplace=FLIPKART&q=laptops&store=6bo%2Fb5g&srno=s_2_35&otracker=search&fm=organic&iid=7f94d40e-390a-48ac-9797-29c1c4e5b1c2.COMHMPEEGVJYYZ2Z.SEARCH&ppt=sp&ppn=sp&ssid=y08kitb2dc0000001788948807273&qH=c06ea84a1e3dc3c6&ov_redirect=true,2026-09-09 10:13:19.274851
COMH7NCZ8BARKXFF,laptops,Acer Aspire 3 Intel Celeron Dual Core - (8 GB/256 GB SSD/Windows 11 Home) A311-45 Thin and Light Lapto...,flipkart,38500.0,48999.0,21.0,0.0,https://www.flipkart.com/acer-aspire-3-intel-celeron-dual-core-8-gb-256-gb-ssd-windows-11-home-a311-45-thin-light-laptop/p/itmad38595c5a902?pid=COMH7NCZ8BARKXFF&lid=LSTCOMH7NCZ8BARKXFFSLKD7A&marketplace=FLIPKART&q=laptops&store=6bo%2Fb5g&srno=s_2_36&otracker=search&fm=organic&iid=7f94d40e-390a-48ac-9797-29c1c4e5b1c2.COMH7NCZ8BARKXFF.SEARCH&ppt=sp&ppn=sp&ssid=y08kitb2dc0000001788948807273&qH=c06ea84a1e3dc3c6&ov_redirect=true,2026-09-09 10:13:19.274851
COMHHAFFYEGZUXG8,laptops,"ASUS Vivobook 14 Flip OLED (2026) with Touch Screen, Metallic Design, Intel Core Ultra 5 226V - (16 GB...",flipkart,96990.0,176990.0,45.0,0.0,https://www.flipkart.com/asus-vivobook-14-flip-oled-2026-touch-screen-metallic-design-intel-core-ultra-5-226v-16-gb-512-gb-ssd-windows-11-home-tp3407sa-sg183ws-2-1-laptop/p/itmffd74b3d38344?pid=COMHHAFFYEGZUXG8&lid=LSTCOMHHAFFYEGZUXG87XRWPO&marketplace=FLIPKART&q=laptops&store=6bo%2Fb5g&srno=s_2_37&otracker=search&fm=organic&iid=7f94d40e-390a-48ac-9797-29c1c4e5b1c2.COMHHAFFYEGZUXG8.SEARCH&ppt=sp&ppn=sp&ssid=y08kitb2dc0000001788948807273&qH=c06ea84a1e3dc3c6&ov_redirect=true,2026-09-09 10:13:19.274851
COMH59ENQYHDYJGX,laptops,Acer Aspire 3 Intel Pentium Quad Core N6000 - (12 GB/512 GB SSD/Windows 11 Home) A325-45 Thin and Ligh...,flipkart,43990.0,44990.0,2.0,0.0,https://www.flipkart.com/acer-aspire-3-intel-pentium-quad-core-n6000-12-gb-512-gb-ssd-windows-11-home-a325-45-thin-light-laptop/p/itm9ca67a1a3ea22?pid=COMH59ENQYHDYJGX&lid=LSTCOMH59ENQYHDYJGX9DSB95&marketplace=FLIPKART&q=laptops&store=6bo%2Fb5g&srno=s_2_38&otracker=search&fm=organic&iid=7f94d40e-390a-48ac-9797-29c1c4e5b1c2.COMH59ENQYHDYJGX.SEARCH&ppt=sp&ppn=sp&ssid=y08kitb2dc0000001788948807273&qH=c06ea84a1e3dc3c6&ov_redirect=true,2026-09-09 10:13:19.274851
COMHK4F734GZWHFM,laptops,HP 15 (i3 14th Gen) Intel Core 3 100U - (16 GB/512 GB SSD/Windows 11 Home) 15-fd0885TU Thin and Light ...,flipkart,50843.0,,0.0,0.0,https://www.flipkart.com/hp-15-i3-14th-gen-intel-core-3-100u-16-gb-512-gb-ssd-windows-11-home-15-fd0885tu-thin-light-laptop/p/itm661ed697fa9ca?pid=COMHK4F734GZWHFM&lid=LSTCOMHK4F734GZWHFMN7EU3K&marketplace=FLIPKART&q=laptops&store=6bo%2Fb5g&srno=s_2_39&otracker=search&fm=organic&iid=7f94d40e-390a-48ac-9797-29c1c4e5b1c2.COMHK4F734GZWHFM.SEARCH&ppt=sp&ppn=sp&ssid=y08kitb2dc0000001788948807273&qH=c06ea84a1e3dc3c6&ov_redirect=true,2026-09-09 10:13:19.274851
COMH9SJ9Q8ZZHFN7,laptops,"ASUS Vivobook 15 (2025) with Touchscreen & Backlit Keyboard, Intel Core i3 13th Gen 1315U - (8 GB/512 ...",flipkart,44990.0,51990.0,13.0,0.0,https://www.flipkart.com/asus-vivobook-15-2025-touchscreen-backlit-keyboard-intel-core-i3-13th-gen-1315u-8-gb-512-gb-ssd-windows-11-home-x1504va-e81599ws-2-1-laptop/p/itm72fc7af14df5e?pid=COMH9SJ9Q8ZZHFN7&lid=LSTCOMH9SJ9Q8ZZHFN7V5EST1&marketplace=FLIPKART&q=laptops&store=6bo%2Fb5g&srno=s_2_40&otracker=search&fm=organic&iid=7f94d40e-390a-48ac-9797-29c1c4e5b1c2.COMH9SJ9Q8ZZHFN7.SEARCH&ppt=sp&ppn=sp&ssid=y08kitb2dc0000001788948807273&qH=c06ea84a1e3dc3c6&ov_redirect=true,2026-09-09 10:13:19.274851
COMHBFRJKS4UDSRU,laptops,HP 15s Metal Intel Core i3 13th Gen 1315U - (8 GB/512 GB SSD/Windows 11 Home) 15-hr0005TU Thin and Lig...,flipkart,53327.0,,0.0,0.0,https://www.flipkart.com/hp-15s-metal-intel-core-i3-13th-gen-1315u-8-gb-512-gb-ssd-windows-11-home-15-hr0005tu-thin-light-laptop/p/itmb433fd9435785?pid=COMHBFRJKS4UDSRU&lid=LSTCOMHBFRJKS4UDSRUPUBRZY&marketplace=FLIPKART&q=laptops&store=6bo%2Fb5g&srno=s_2_41&otracker=search&fm=organic&iid=7f94d40e-390a-48ac-9797-29c1c4e5b1c2.COMHBFRJKS4UDSRU.SEARCH&ppt=sp&ppn=sp&ssid=y08kitb2dc0000001788948807273&qH=c06ea84a1e3dc3c6&ov_redirect=true,2026-09-09 10:13:19.274851
COMHMHYH9GDHGXDA,laptops,"Acer Aspire 15 MS Office 2024 + M365 Basic, AMD Ryzen 3 Quad Core 7330U - (8 GB/256 GB SSD/Windows 11 ...",flipkart,43990.0,74999.0,41.0,0.0,https://www.flipkart.com/acer-aspire-15-ms-office-2024-m365-basic-amd-ryzen-3-quad-core-7330u-8-gb-256-gb-ssd-windows-11-home-a311-45-notebook/p/itm679af52f35d6d?pid=COMHMHYH9GDHGXDA&lid=LSTCOMHMHYH9GDHGXDAYAE4GK&marketplace=FLIPKART&q=laptops&store=6bo%2Fb5g&srno=s_2_42&otracker=search&fm=organic&iid=7f94d40e-390a-48ac-9797-29c1c4e5b1c2.COMHMHYH9GDHGXDA.SEARCH&ppt=sp&ppn=sp&ssid=y08kitb2dc0000001788948807273&qH=c06ea84a1e3dc3c6&ov_redirect=true,2026-09-09 10:13:19.274851
COMHBFRJJPDPHZ2H,laptops,HP Intel Core i3 13th Gen 1315U - (8 GB/512 GB SSD/Windows 11 Home) 15-fd0569TU Thin and Light Laptop,flipkart,57890.0,69990.0,17.0,0.0,https://www.flipkart.com/hp-intel-core-i3-13th-gen-1315u-8-gb-512-gb-ssd-windows-11-home-15-fd0569tu-thin-light-laptop/p/itm8229e9aa059be?pid=COMHBFRJJPDPHZ2H&lid=LSTCOMHBFRJJPDPHZ2H0UBZAM&marketplace=FLIPKART&q=laptops&store=6bo%2Fb5g&srno=s_2_43&otracker=search&fm=organic&iid=7f94d40e-390a-48ac-9797-29c1c4e5b1c2.COMHBFRJJPDPHZ2H.SEARCH&ppt=sp&ppn=sp&ssid=y08kitb2dc0000001788948807273&qH=c06ea84a1e3dc3c6&ov_redirect=true,2026-09-09 10:13:19.274851
COMHCPHGZXJWVNX2,laptops,HP 15 (2025) AMD Athlon Dual Core 7120U - (8 GB/256 GB SSD/Windows 11 Home) 15 Thin and Light Laptop,flipkart,47905.0,49990.0,4.0,0.0,https://www.flipkart.com/hp-15-2025-amd-athlon-dual-core-7120u-8-gb-256-gb-ssd-windows-11-home-thin-light-laptop/p/itm356259fbc5fcb?pid=COMHCPHGZXJWVNX2&lid=LSTCOMHCPHGZXJWVNX2OMIMXX&marketplace=FLIPKART&q=laptops&store=6bo%2Fb5g&srno=s_2_44&otracker=search&fm=organic&iid=7f94d40e-390a-48ac-9797-29c1c4e5b1c2.COMHCPHGZXJWVNX2.SEARCH&ppt=sp&ppn=sp&ssid=y08kitb2dc0000001788948807273&qH=c06ea84a1e3dc3c6&ov_redirect=true,2026-09-09 10:13:19.274851
COMHMYD8FQU2Z8QG,laptops,"Acer Aspire 15 Lite(i5 14th Gen) Intel Core 5 210H - (16 GB/512 GB SSD/Windows 11 Home) AL 15-52H , AL...",flipkart,64990.0,73418.0,11.0,0.0,https://www.flipkart.com/acer-aspire-15-lite-i5-14th-gen-intel-core-5-210h-16-gb-512-gb-ssd-windows-11-home-al-15-52h-al15-52-notebook/p/itmde8e37bf7150b?pid=COMHMYD8FQU2Z8QG&lid=LSTCOMHMYD8FQU2Z8QGXSSKQQ&marketplace=FLIPKART&q=laptops&store=6bo%2Fb5g&srno=s_2_45&otracker=search&fm=organic&iid=7f94d40e-390a-48ac-9797-29c1c4e5b1c2.COMHMYD8FQU2Z8QG.SEARCH&ppt=sp&ppn=sp&ssid=y08kitb2dc0000001788948807273&qH=c06ea84a1e3dc3c6&ov_redirect=true,2026-09-09 10:13:19.274851
COMGZNSBMUR7S8WY,laptops,HP 15s Backlit Keyboard AMD Ryzen 3 Quad Core 7320U - (8 GB/512 GB SSD/Windows 11 Home) 15-fc0026AU Th...,flipkart,51990.0,55990.0,7.0,0.0,https://www.flipkart.com/hp-15s-backlit-keyboard-amd-ryzen-3-quad-core-7320u-8-gb-512-gb-ssd-windows-11-home-15-fc0026au-thin-light-laptop/p/itm4e6d85f618393?pid=COMGZNSBMUR7S8WY&lid=LSTCOMGZNSBMUR7S8WYEVMJYE&marketplace=FLIPKART&q=laptops&store=6bo%2Fb5g&srno=s_2_46&otracker=search&fm=organic&iid=7f94d40e-390a-48ac-9797-29c1c4e5b1c2.COMGZNSBMUR7S8WY.SEARCH&ppt=sp&ppn=sp&ssid=y08kitb2dc0000001788948807273&qH=c06ea84a1e3dc3c6&ov_redirect=true,2026-09-09 10:13:19.274851
COMHEZA8DBZRJXZG,laptops,HP 15 Intel Core i5 13th Gen 13420H - (16 GB/512 GB SSD/Windows 11 Home) 15-fr0028TU | 15-fr0045TU Thi...,flipkart,68990.0,69023.0,0.0,0.0,https://www.flipkart.com/hp-15-intel-core-i5-13th-gen-13420h-16-gb-512-gb-ssd-windows-11-home-15-fr0028tu-15-fr0045tu-thin-light-laptop/p/itma36ceee31e597?pid=COMHEZA8DBZRJXZG&lid=LSTCOMHEZA8DBZRJXZGOLDFRS&marketplace=FLIPKART&q=laptops&store=6bo%2Fb5g&srno=s_2_47&otracker=search&fm=organic&iid=7f94d40e-390a-48ac-9797-29c1c4e5b1c2.COMHEZA8DBZRJXZG.SEARCH&ppt=sp&ppn=sp&ssid=y08kitb2dc0000001788948807273&qH=c06ea84a1e3dc3c6&ov_redirect=true,2026-09-09 10:13:19.274851
COMHDGD5FH6NZPHD,laptops,Primebook 2 Pro (2026) in-Built AI MediaTek Helio G99 (MT8781) - (8 GB/128 GB/Android 15) PBG9914128#4...,flipkart,28990.0,39990.0,27.0,0.0,https://www.flipkart.com/primebook-2-pro-2026-in-built-ai-mediatek-helio-g99-mt8781-8-gb-128-gb-android-15-pbg9914128-4278c-laptop/p/itmdbf8db6a6f79a?pid=COMHDGD5FH6NZPHD&lid=LSTCOMHDGD5FH6NZPHD567UTY&marketplace=FLIPKART&q=laptops&store=6bo%2Fb5g&srno=s_2_48&otracker=search&fm=organic&iid=7f94d40e-390a-48ac-9797-29c1c4e5b1c2.COMHDGD5FH6NZPHD.SEARCH&ppt=sp&ppn=sp&ssid=y08kitb2dc0000001788948807273&qH=c06ea84a1e3dc3c6&ov_redirect=true,2026-09-09 10:13:19.274851
COMHFT2NY5V7RCMK,laptops,ASUS TUF Gaming A15 AMD Ryzen 7 Octa Core 7435HS - (16 GB/512 GB SSD/Windows 11 Home/4 GB Graphics/NVI...,flipkart,64990.0,86990.0,25.0,0.0,https://www.flipkart.com/asus-tuf-gaming-a15-amd-ryzen-7-octa-core-7435hs-16-gb-512-gb-ssd-windows-11-home-4-graphics-nvidia-geforce-rtx-3050-144-hz-75-w-fa566ncr-hn075w-laptop/p/itm10514ecd2a794?pid=COMHFT2NY5V7RCMK&lid=LSTCOMHFT2NY5V7RCMKJW0ZPL&marketplace=FLIPKART&q=laptops&store=6bo%2Fb5g&srno=s_3_49&otracker=search&fm=organic&iid=ae60f8a3-14a7-44e5-bcd1-67a59acfb02b.COMHFT2NY5V7RCMK.SEARCH&ppt=sp&ppn=sp&ssid=f8ajfuae3k0000001788948814752&qH=c06ea84a1e3dc3c6&ov_redirect=true,2026-09-09 10:13:19.274851
COMH743DRRNQYDSH,laptops,HP 255 G10 (2024) AMD Ryzen 3 Quad Core 7320U - (8 GB/512 GB SSD/Windows 11 Home) 250 G10 Thin and Lig...,flipkart,49890.0,55590.0,10.0,0.0,https://www.flipkart.com/hp-255-g10-2024-amd-ryzen-3-quad-core-7320u-8-gb-512-gb-ssd-windows-11-home-250-thin-light-laptop/p/itmac0cd52f844ae?pid=COMH743DRRNQYDSH&lid=LSTCOMH743DRRNQYDSHRMT77Y&marketplace=FLIPKART&q=laptops&store=6bo%2Fb5g&srno=s_3_50&otracker=search&fm=organic&iid=ae60f8a3-14a7-44e5-bcd1-67a59acfb02b.COMH743DRRNQYDSH.SEARCH&ppt=sp&ppn=sp&ssid=f8ajfuae3k0000001788948814752&qH=c06ea84a1e3dc3c6&ov_redirect=true,2026-09-09 10:13:19.274851
COMHE4ATFWNVHXHS,laptops,Samsung Galaxy Book4 Edge Series Copilot AI-PC Full Metal Chasis Snapdragon X - (16 GB/512 GB SSD/Wind...,flipkart,74990.0,92390.0,18.0,0.0,https://www.flipkart.com/samsung-galaxy-book4-edge-series-copilot-ai-pc-full-metal-chasis-snapdragon-x-16-gb-512-gb-ssd-windows-11-home-np750xqb-ka1in-thin-light-laptop/p/itm1d61ec8d90cc7?pid=COMHE4ATFWNVHXHS&lid=LSTCOMHE4ATFWNVHXHSIHS0FO&marketplace=FLIPKART&q=laptops&store=6bo%2Fb5g&srno=s_3_51&otracker=search&fm=organic&iid=en_fB0B3_RYZIGindWHoqWfb5bJBoF4n-6f8S-WjBJa55XC3QXPoIiYE60T7_3x-H93mxFWGEcjohbd7Xu6n8Taw_dz03Mhf3e92g20LfJzpavaowpFxEVfbdDIIlOhtmh2&ppt=sp&ppn=sp&ssid=f8ajfuae3k0000001788948814752&qH=c06ea84a1e3dc3c6&ov_redirect=true,2026-09-09 10:13:19.274851
COMH397X2KJ8XCHR,laptops,Acer Aspire 15 AMD Ryzen 3 Quad Core 7330U - (8 GB/512 GB SSD/Windows 11 Home) AS15 42 / A325 42 Thin ...,flipkart,49990.0,76999.0,35.0,0.0,https://www.flipkart.com/acer-aspire-15-amd-ryzen-3-quad-core-7330u-8-gb-512-gb-ssd-windows-11-home-as15-42-a325-thin-light-laptop/p/itmdaf15e01a1d1a?pid=COMH397X2KJ8XCHR&lid=LSTCOMH397X2KJ8XCHRBDEAS1&marketplace=FLIPKART&q=laptops&store=6bo%2Fb5g&srno=s_3_52&otracker=search&fm=organic&iid=ae60f8a3-14a7-44e5-bcd1-67a59acfb02b.COMH397X2KJ8XCHR.SEARCH&ppt=sp&ppn=sp&ssid=f8ajfuae3k0000001788948814752&qH=c06ea84a1e3dc3c6&ov_redirect=true,2026-09-09 10:13:19.274851
COMHZX8EXE4JE2FD,laptops,Lenovo IdeaPad Slim 3 AMD Ryzen 3 30 - (16 GB/512 GB SSD/Windows 11 Home) IdeaPad Slim 3 15AMN8 Thin a...,flipkart,57575.0,111490.0,48.0,0.0,https://www.flipkart.com/lenovo-ideapad-slim-3-amd-ryzen-30-16-gb-512-gb-ssd-windows-11-home-15amn8-thin-light-laptop/p/itm802da1c81a2d7?pid=COMHZX8EXE4JE2FD&lid=LSTCOMHZX8EXE4JE2FDZSLFH1&marketplace=FLIPKART&q=laptops&store=6bo%2Fb5g&srno=s_3_53&otracker=search&fm=organic&iid=ae60f8a3-14a7-44e5-bcd1-67a59acfb02b.COMHZX8EXE4JE2FD.SEARCH&ppt=sp&ppn=sp&ssid=f8ajfuae3k0000001788948814752&qH=c06ea84a1e3dc3c6&ov_redirect=true,2026-09-09 10:13:19.274851
COMHHNH8QYHRSTCG,laptops,ASUS TUF Gaming A15 (2026) AMD Ryzen 7 170 - (16 GB/1 TB SSD/Windows 11 Home/4 GB Graphics/NVIDIA GeFo...,flipkart,79990.0,90990.0,12.0,0.0,https://www.flipkart.com/asus-tuf-gaming-a15-2026-amd-ryzen-7-170-16-gb-1-tb-ssd-windows-11-home-4-gb-graphics-nvidia-geforce-rtx-3050-fa506ncq-hn008w-laptop/p/itm187b00d3b76d3?pid=COMHHNH8QYHRSTCG&lid=LSTCOMHHNH8QYHRSTCGYUF05H&marketplace=FLIPKART&q=laptops&store=6bo%2Fb5g&srno=s_3_54&otracker=search&fm=organic&iid=ae60f8a3-14a7-44e5-bcd1-67a59acfb02b.COMHHNH8QYHRSTCG.SEARCH&ppt=sp&ppn=sp&ssid=f8ajfuae3k0000001788948814752&qH=c06ea84a1e3dc3c6&ov_redirect=true,2026-09-09 10:13:19.274851
COMGWKF2QYG6XNCZ,laptops,Acer Aspire Lite Intel Core i3 12th Gen 1215U - (16 GB/512 GB SSD/Windows 11 Home) AL15-52 Thin and Li...,flipkart,51990.0,54790.0,5.0,0.0,https://www.flipkart.com/acer-aspire-lite-intel-core-i3-12th-gen-1215u-16-gb-512-gb-ssd-windows-11-home-al15-52-thin-light-laptop/p/itm130746bcc0e38?pid=COMGWKF2QYG6XNCZ&lid=LSTCOMGWKF2QYG6XNCZVPCDKL&marketplace=FLIPKART&q=laptops&store=6bo%2Fb5g&srno=s_3_55&otracker=search&fm=organic&iid=ae60f8a3-14a7-44e5-bcd1-67a59acfb02b.COMGWKF2QYG6XNCZ.SEARCH&ppt=sp&ppn=sp&ssid=f8ajfuae3k0000001788948814752&qH=c06ea84a1e3dc3c6&ov_redirect=true,2026-09-09 10:13:19.274851
COMHDG7CFDWVKYMZ,laptops,"ASUS Vivobook 15 (2025) (i5 14th Gen) with MSO 2024 + M365 Basic*, Backlit Keyboard, Intel Core 5 120U...",flipkart,69900.0,75000.0,6.0,0.0,https://www.flipkart.com/asus-vivobook-15-2025-i5-14th-gen-mso-2024-m365-basic-backlit-keyboard-intel-core-5-120u-16-gb-512-gb-ssd-windows-11-home-x1504vap-nj2862ws-x1504vap-bq224ws-thin-light-laptop/p/itm774438efecaf0?pid=COMHDG7CFDWVKYMZ&lid=LSTCOMHDG7CFDWVKYMZSGRBRE&marketplace=FLIPKART&q=laptops&store=6bo%2Fb5g&srno=s_3_56&otracker=search&fm=organic&iid=ae60f8a3-14a7-44e5-bcd1-67a59acfb02b.COMHDG7CFDWVKYMZ.SEARCH&ppt=sp&ppn=sp&ssid=f8ajfuae3k0000001788948814752&qH=c06ea84a1e3dc3c6&ov_redirect=true,2026-09-09 10:13:19.274851
COMGTGFGB8GK3NV7,laptops,Acer ‎Acer One 14 AMD Ryzen 3 Quad Core 7320U - (8 GB/512 GB SSD/Windows 11 Home) A114-43 Thin and Lig...,flipkart,45502.0,49990.0,8.0,0.0,https://www.flipkart.com/acer-acer-one-14-amd-ryzen-3-quad-core-7320u-8-gb-512-gb-ssd-windows-11-home-a114-43-thin-light-laptop/p/itm0178ff325b6f1?pid=COMGTGFGB8GK3NV7&lid=LSTCOMGTGFGB8GK3NV7WPFZP6&marketplace=FLIPKART&q=laptops&store=6bo%2Fb5g&srno=s_3_57&otracker=search&fm=organic&iid=ae60f8a3-14a7-44e5-bcd1-67a59acfb02b.COMGTGFGB8GK3NV7.SEARCH&ppt=sp&ppn=sp&ssid=f8ajfuae3k0000001788948814752&qH=c06ea84a1e3dc3c6&ov_redirect=true,2026-09-09 10:13:19.274851
COMGT2ZXC24MFNFA,laptops,ASUS Vivobook 15 Intel Core i3 12th Gen 1215U - (8 GB/512 GB SSD/Windows 11 Home) X1504ZA-NJ321WS Thin...,flipkart,35990.0,54990.0,34.0,0.0,https://www.flipkart.com/asus-vivobook-15-intel-core-i3-12th-gen-1215u-8-gb-512-gb-ssd-windows-11-home-x1504za-nj321ws-thin-light-laptop/p/itmbe5bbf6a5168b?pid=COMGT2ZXC24MFNFA&lid=LSTCOMGT2ZXC24MFNFAH8MFND&marketplace=FLIPKART&q=laptops&store=6bo%2Fb5g&srno=s_3_58&otracker=search&fm=organic&iid=ae60f8a3-14a7-44e5-bcd1-67a59acfb02b.COMGT2ZXC24MFNFA.SEARCH&ppt=sp&ppn=sp&ssid=f8ajfuae3k0000001788948814752&qH=c06ea84a1e3dc3c6&ov_redirect=true,2026-09-09 10:13:19.274851
COMHEHHXKFQSABXZ,laptops,HP OMEN AI AMD Ryzen AI 7 Octa Core AI 7 350 - (24 GB/1 TB SSD/Windows 11 Home/8 GB Graphics/NVIDIA Ge...,flipkart,149990.0,162996.0,7.0,0.0,https://www.flipkart.com/hp-omen-ai-amd-ryzen-7-octa-core-350-24-gb-1-tb-ssd-windows-11-home-8-gb-graphics-nvidia-geforce-rtx-5050-16-ap0165ax-gaming-laptop/p/itm5661c90728083?pid=COMHEHHXKFQSABXZ&lid=LSTCOMHEHHXKFQSABXZEF3JCN&marketplace=FLIPKART&q=laptops&store=6bo%2Fb5g&srno=s_3_59&otracker=search&fm=organic&iid=ae60f8a3-14a7-44e5-bcd1-67a59acfb02b.COMHEHHXKFQSABXZ.SEARCH&ppt=sp&ppn=sp&ssid=f8ajfuae3k0000001788948814752&qH=c06ea84a1e3dc3c6&ov_redirect=true,2026-09-09 10:13:19.274851
COMHZX2TW9ZYNZMX,laptops,Acer Aspire 3 AMD Ryzen 3 5300U - (8 GB/256 GB SSD/Windows 11 Home) A325-42 Notebook,flipkart,40990.0,49990.0,18.0,0.0,https://www.flipkart.com/acer-aspire-3-amd-ryzen-5300u-8-gb-256-gb-ssd-windows-11-home-a325-42-notebook/p/itm0a8558b1e5a9d?pid=COMHZX2TW9ZYNZMX&lid=LSTCOMHZX2TW9ZYNZMXIBBPJ0&marketplace=FLIPKART&q=laptops&store=6bo%2Fb5g&srno=s_3_60&otracker=search&fm=organic&iid=ae60f8a3-14a7-44e5-bcd1-67a59acfb02b.COMHZX2TW9ZYNZMX.SEARCH&ppt=sp&ppn=sp&ssid=f8ajfuae3k0000001788948814752&qH=c06ea84a1e3dc3c6&ov_redirect=true,2026-09-09 10:13:19.274851
COMGZUYDGFJGHZR4,laptops,Samsung Galaxy Book4 Metal Intel Core i5 13th Gen 1335U - (16 GB/512 GB SSD/Windows 11 Home) NP750XGJ ...,flipkart,79990.0,90800.0,11.0,0.0,https://www.flipkart.com/samsung-galaxy-book4-metal-intel-core-i5-13th-gen-1335u-16-gb-512-gb-ssd-windows-11-home-np750xgj-thin-light-laptop/p/itm1df5212efb9fc?pid=COMGZUYDGFJGHZR4&lid=LSTCOMGZUYDGFJGHZR4EBFOUZ&marketplace=FLIPKART&q=laptops&store=6bo%2Fb5g&srno=s_3_61&otracker=search&fm=organic&iid=ae60f8a3-14a7-44e5-bcd1-67a59acfb02b.COMGZUYDGFJGHZR4.SEARCH&ppt=sp&ppn=sp&ssid=f8ajfuae3k0000001788948814752&qH=c06ea84a1e3dc3c6&ov_redirect=true,2026-09-09 10:13:19.274851
COMHZQX4TQ3P9H3Z,laptops,Apple Macbook Neo A18 Pro(2026) A18 Pro - (8 GB/512 GB SSD/Tahoe) MHFG4HN/A,flipkart,89900.0,,0.0,0.0,https://www.flipkart.com/apple-macbook-neo-a18-pro-2026-pro-8-gb-512-gb-ssd-tahoe-mhfg4hn-a/p/itmf87d0895be647?pid=COMHZQX4TQ3P9H3Z&lid=LSTCOMHZQX4TQ3P9H3Z424T69&marketplace=FLIPKART&q=laptops&store=6bo%2Fb5g&srno=s_3_62&otracker=search&fm=organic&iid=ae60f8a3-14a7-44e5-bcd1-67a59acfb02b.COMHZQX4TQ3P9H3Z.SEARCH&ppt=sp&ppn=sp&ssid=f8ajfuae3k0000001788948814752&qH=c06ea84a1e3dc3c6&ov_redirect=true,2026-09-09 10:13:19.274851
COMHBYH3ZQMZKTSA,laptops,Acer Aspire AMD Ryzen 5 Hexa Core 7430U - (16 GB/1 TB SSD/Windows 11 Home) AS15-42 Thin and Light Lapt...,flipkart,62990.0,64990.0,3.0,0.0,https://www.flipkart.com/acer-aspire-amd-ryzen-5-hexa-core-7430u-16-gb-1-tb-ssd-windows-11-home-as15-42-thin-light-laptop/p/itm6b3261e51baf5?pid=COMHBYH3ZQMZKTSA&lid=LSTCOMHBYH3ZQMZKTSAMGDFHN&marketplace=FLIPKART&q=laptops&store=6bo%2Fb5g&srno=s_3_63&otracker=search&fm=organic&iid=ae60f8a3-14a7-44e5-bcd1-67a59acfb02b.COMHBYH3ZQMZKTSA.SEARCH&ppt=sp&ppn=sp&ssid=f8ajfuae3k0000001788948814752&qH=c06ea84a1e3dc3c6&ov_redirect=true,2026-09-09 10:13:19.274851
COMHHT9GCKNHQSZZ,laptops,ASUS Expertbook AMD Ryzen 5 Hexa Core 150 - (16 GB/512 GB SSD/Windows 11 Home) PM1503CDA-S70546WS Lapt...,flipkart,67990.0,169990.0,60.0,0.0,https://www.flipkart.com/asus-expertbook-amd-ryzen-5-hexa-core-150-16-gb-512-gb-ssd-windows-11-home-pm1503cda-s70546ws-laptop/p/itmb2cdbe5dbfbb8?pid=COMHHT9GCKNHQSZZ&lid=LSTCOMHHT9GCKNHQSZZAKFJHY&marketplace=FLIPKART&q=laptops&store=6bo%2Fb5g&srno=s_3_64&otracker=search&fm=organic&iid=ae60f8a3-14a7-44e5-bcd1-67a59acfb02b.COMHHT9GCKNHQSZZ.SEARCH&ppt=sp&ppn=sp&ssid=f8ajfuae3k0000001788948814752&qH=c06ea84a1e3dc3c6&ov_redirect=true,2026-09-09 10:13:19.274851
COMH89EBYFHZZGMH,laptops,"ASUS Vivobook 16 (2025) with Office 2024 + M365 Basic, AI PC Intel Core Ultra 5 Series 2 225H - (16 GB...",flipkart,97490.0,98900.0,1.0,0.0,https://www.flipkart.com/asus-vivobook-16-2025-office-2024-m365-basic-ai-pc-intel-core-ultra-5-series-2-225h-16-gb-512-gb-ssd-windows-11-home-x1607ca-mb142ws-thin-light-laptop/p/itm6e5fc45e4e812?pid=COMH89EBYFHZZGMH&lid=LSTCOMH89EBYFHZZGMHKYZAH5&marketplace=FLIPKART&q=laptops&store=6bo%2Fb5g&srno=s_3_65&otracker=search&fm=organic&iid=ae60f8a3-14a7-44e5-bcd1-67a59acfb02b.COMH89EBYFHZZGMH.SEARCH&ppt=sp&ppn=sp&ssid=f8ajfuae3k0000001788948814752&qH=c06ea84a1e3dc3c6&ov_redirect=true,2026-09-09 10:13:19.274851
COMHHNNZKTNAND2A,laptops,Lenovo IdeaPad Slim 3 with 1Year ADP AMD Ryzen 5 40 - (16 GB/512 GB SSD/Windows 11 Home) 15AMN8 Laptop,flipkart,69990.0,80190.0,12.0,0.0,https://www.flipkart.com/lenovo-ideapad-slim-3-1year-adp-amd-ryzen-5-40-16-gb-512-gb-ssd-windows-11-home-15amn8-laptop/p/itmab007bf5f82a8?pid=COMHHNNZKTNAND2A&lid=LSTCOMHHNNZKTNAND2AMY5PET&marketplace=FLIPKART&q=laptops&store=6bo%2Fb5g&srno=s_3_66&otracker=search&fm=organic&iid=ae60f8a3-14a7-44e5-bcd1-67a59acfb02b.COMHHNNZKTNAND2A.SEARCH&ppt=sp&ppn=sp&ssid=f8ajfuae3k0000001788948814752&qH=c06ea84a1e3dc3c6&ov_redirect=true,2026-09-09 10:13:19.274851
COMHFBRSJHWSFV3C,laptops,Lenovo IdeaPad Slim 3 with 1Yr ADP Intel Core i3 13th Gen 1315U - (8 GB/512 GB SSD/Windows 11 Home) 15...,flipkart,59799.0,60592.0,1.0,0.0,https://www.flipkart.com/lenovo-ideapad-slim-3-1yr-adp-intel-core-i3-13th-gen-1315u-8-gb-512-gb-ssd-windows-11-home-15iru8-thin-light-laptop/p/itm6a418f522fd19?pid=COMHFBRSJHWSFV3C&lid=LSTCOMHFBRSJHWSFV3CBTVQTX&marketplace=FLIPKART&q=laptops&store=6bo%2Fb5g&srno=s_3_67&otracker=search&fm=organic&iid=ae60f8a3-14a7-44e5-bcd1-67a59acfb02b.COMHFBRSJHWSFV3C.SEARCH&ppt=sp&ppn=sp&ssid=f8ajfuae3k0000001788948814752&qH=c06ea84a1e3dc3c6&ov_redirect=true,2026-09-09 10:13:19.274851
COMHDFUWWFF77NQC,laptops,HP Intel Core i7 13th Gen 13620H - (16 GB/512 GB SSD/Windows 11 Home) 15-fr0046TU Thin and Light Lapto...,flipkart,96981.0,111999.0,13.0,0.0,https://www.flipkart.com/hp-intel-core-i7-13th-gen-13620h-16-gb-512-gb-ssd-windows-11-home-15-fr0046tu-thin-light-laptop/p/itmc255f42578e1e?pid=COMHDFUWWFF77NQC&lid=LSTCOMHDFUWWFF77NQCEAUPJ2&marketplace=FLIPKART&q=laptops&store=6bo%2Fb5g&srno=s_3_68&otracker=search&fm=organic&iid=ae60f8a3-14a7-44e5-bcd1-67a59acfb02b.COMHDFUWWFF77NQC.SEARCH&ppt=sp&ppn=sp&ssid=f8ajfuae3k0000001788948814752&qH=c06ea84a1e3dc3c6&ov_redirect=true,2026-09-09 10:13:19.274851
COMHZQX4YFJWRPYZ,laptops,Apple Macbook Neo A18 Pro(2026) A18 Pro - (8 GB/256 GB SSD/Tahoe) MHFA4HN/A,flipkart,79900.0,,0.0,0.0,https://www.flipkart.com/apple-macbook-neo-a18-pro-2026-pro-8-gb-256-gb-ssd-tahoe-mhfa4hn-a/p/itm9fce39e65bd7e?pid=COMHZQX4YFJWRPYZ&lid=LSTCOMHZQX4YFJWRPYZF07JS4&marketplace=FLIPKART&q=laptops&store=6bo%2Fb5g&srno=s_3_69&otracker=search&fm=organic&iid=ae60f8a3-14a7-44e5-bcd1-67a59acfb02b.COMHZQX4YFJWRPYZ.SEARCH&ppt=sp&ppn=sp&ssid=f8ajfuae3k0000001788948814752&qH=c06ea84a1e3dc3c6&ov_redirect=true,2026-09-09 10:13:19.274851
COMHEZZTHYZ3DUK5,laptops,"ASUS Vivobook 15 (2025) with Office 2024 + M365 Basic*, Intel Core i3 13th Gen 1315U - (16 GB/512 GB S...",flipkart,49990.0,54990.0,9.0,0.0,https://www.flipkart.com/asus-vivobook-15-2025-office-2024-m365-basic-intel-core-i3-13th-gen-1315u-16-gb-512-gb-ssd-windows-11-home-x1504va-nj2324ws-x1504va-bq341ws-thin-light-laptop/p/itmf0e6514a56cbf?pid=COMHEZZTHYZ3DUK5&lid=LSTCOMHEZZTHYZ3DUK5GYZOBP&marketplace=FLIPKART&q=laptops&store=6bo%2Fb5g&srno=s_3_70&otracker=search&fm=organic&iid=ae60f8a3-14a7-44e5-bcd1-67a59acfb02b.COMHEZZTHYZ3DUK5.SEARCH&ppt=sp&ppn=sp&ssid=f8ajfuae3k0000001788948814752&qH=c06ea84a1e3dc3c6&ov_redirect=true,2026-09-09 10:13:19.274851
COMH9ZWQSAU7H4TG,laptops,Apple MacBook Air M4 - (24 GB/512 GB SSD/macOS Sequoia) MC7D4HN/A,flipkart,151900.0,,0.0,0.0,https://www.flipkart.com/apple-macbook-air-m4-24-gb-512-gb-ssd-macos-sequoia-mc7d4hn-a/p/itm2814d44889ee9?pid=COMH9ZWQSAU7H4TG&lid=LSTCOMH9ZWQSAU7H4TGHNJW6M&marketplace=FLIPKART&q=laptops&store=6bo%2Fb5g&srno=s_3_71&otracker=search&fm=organic&iid=ae60f8a3-14a7-44e5-bcd1-67a59acfb02b.COMH9ZWQSAU7H4TG.SEARCH&ppt=sp&ppn=sp&ssid=f8ajfuae3k0000001788948814752&qH=c06ea84a1e3dc3c6&ov_redirect=true,2026-09-09 10:13:19.274851
COMH4Y6KT9ZMYXA6,laptops,ASUS Vivobook 15 Intel Core i3 12th Gen 1215U - (8 GB/512 GB SSD/Windows 11 Home) X1504ZA-NJ322WS Thin...,flipkart,56790.0,59990.0,5.0,0.0,https://www.flipkart.com/asus-vivobook-15-intel-core-i3-12th-gen-1215u-8-gb-512-gb-ssd-windows-11-home-x1504za-nj322ws-thin-light-laptop/p/itm200184e4e0443?pid=COMH4Y6KT9ZMYXA6&lid=LSTCOMH4Y6KT9ZMYXA6OVXK6A&marketplace=FLIPKART&q=laptops&store=6bo%2Fb5g&srno=s_3_72&otracker=search&fm=organic&iid=ae60f8a3-14a7-44e5-bcd1-67a59acfb02b.COMH4Y6KT9ZMYXA6.SEARCH&ppt=sp&ppn=sp&ssid=f8ajfuae3k0000001788948814752&qH=c06ea84a1e3dc3c6&ov_redirect=true,2026-09-09 10:13:19.274851
AZ_COMHD8BGE3PJJGAP,laptops,Neopticon BrowseBook Intel Celeron Dual Core N4020 - (8 GB/256 GB SSD/Windows 11 Home) BBN40825614 Lap...,amazon,24900.0,29999.0,17.0,4.4,https://www.amazon.in/s?k=Neopticon+BrowseBook+Intel+Celeron+Dual+Core+N4020+-+%288+GB%2F256+GB+SSD%2FWindows+11+Home%29+BBN40825614+Lap...&ref=nb_sb_noss,2026-09-09 09:46:13.810502
AZ_COMHK77SZSZHTEV7,laptops,HP Victus (i5 14th Gen) Intel Core 5 210 H - (16 GB/512 GB SSD/Windows 11 Home/6 GB Graphics/NVIDIA Ge...,amazon,96900.0,121100.0,20.0,4.2,https://www.amazon.in/s?k=HP+Victus+%28i5+14th+Gen%29+Intel+Core+5+210+H+-+%2816+GB%2F512+GB+SSD%2FWindows+11+Home%2F6+GB+Graphics%2FNVIDIA+Ge...&ref=nb_sb_noss,2026-09-09 09:46:13.810502
AZ_COMHFZYZFVD2MCAB,laptops,Acer Aspire 3 Intel Celeron Dual Core N4500 - (12 GB/512 GB SSD/Windows 11 Home) A324-45 Thin and Ligh...,amazon,24200.0,32999.0,27.0,4.2,https://www.amazon.in/s?k=Acer+Aspire+3+Intel+Celeron+Dual+Core+N4500+-+%2812+GB%2F512+GB+SSD%2FWindows+11+Home%29+A324-45+Thin+and+Ligh...&ref=nb_sb_noss,2026-09-09 09:46:13.810502
AZ_COMHM9URJR7BV3HY,laptops,ASUS ExpertBook Ultra Copilot+ PC Intel Core Ultra X7 358H - (32 GB/1 TB SSD/Windows 11 Home) B9406CAA...,amazon,278400.0,449990.0,38.0,4.3,https://www.amazon.in/s?k=ASUS+ExpertBook+Ultra+Copilot%2B+PC+Intel+Core+Ultra+X7+358H+-+%2832+GB%2F1+TB+SSD%2FWindows+11+Home%29+B9406CAA...&ref=nb_sb_noss,2026-09-09 09:46:13.810502
AZ_COMHNNHG5N32TYQF,laptops,Lenovo Ultra 5 225U Intel Core Ultra 5 225U - (16 GB/1 TB SSD/Windows 11 Home) 21SKA0FTIG Laptop,amazon,114800.0,120990.0,5.0,4.0,https://www.amazon.in/s?k=Lenovo+Ultra+5+225U+Intel+Core+Ultra+5+225U+-+%2816+GB%2F1+TB+SSD%2FWindows+11+Home%29+21SKA0FTIG+Laptop&ref=nb_sb_noss,2026-09-09 09:46:13.810502
AZ_COMHGYAFCZG8YRYS,laptops,ASUS ExpertBook P1 (i5 14th Gen) with 1 Yr ADP Intel Core 5 210H - (16 GB/512 GB SSD/Windows 11 Home) ...,amazon,71100.0,89990.0,21.0,3.9,https://www.amazon.in/s?k=ASUS+ExpertBook+P1+%28i5+14th+Gen%29+with+1+Yr+ADP+Intel+Core+5+210H+-+%2816+GB%2F512+GB+SSD%2FWindows+11+Home%29+...&ref=nb_sb_noss,2026-09-09 09:46:13.810502
AZ_COMHMHYHZPXKCEGJ,laptops,Acer Aspire One Intel Celeron Dual Core N4500 - (12 GB/512 GB SSD/Windows 11 Home) A114-45 Notebook,amazon,51200.0,59999.0,15.0,4.3,https://www.amazon.in/s?k=Acer+Aspire+One+Intel+Celeron+Dual+Core+N4500+-+%2812+GB%2F512+GB+SSD%2FWindows+11+Home%29+A114-45+Notebook&ref=nb_sb_noss,2026-09-09 09:46:13.810502
AZ_COMHPKRBZT8NHPHY,laptops,Lenovo AMD Ryzen 3 Quad Core 30 - (8 GB/512 GB SSD/Windows 11 Home) IdeaPad Slim 3 15AMN8 Thin and Lig...,amazon,49800.0,90980.0,45.0,4.4,https://www.amazon.in/s?k=Lenovo+AMD+Ryzen+3+Quad+Core+30+-+%288+GB%2F512+GB+SSD%2FWindows+11+Home%29+IdeaPad+Slim+3+15AMN8+Thin+and+Lig...&ref=nb_sb_noss,2026-09-09 09:46:13.810502
AZ_COMH2TPSHCGYHHH8,laptops,Acer Aspire 3 Intel Celeron Dual Core N4500 - (12 GB/512 GB SSD/Windows 11 Home) A325-45 Thin and Ligh...,amazon,38700.0,49999.0,23.0,4.3,https://www.amazon.in/s?k=Acer+Aspire+3+Intel+Celeron+Dual+Core+N4500+-+%2812+GB%2F512+GB+SSD%2FWindows+11+Home%29+A325-45+Thin+and+Ligh...&ref=nb_sb_noss,2026-09-09 09:46:13.810502
AZ_COMHF8KZGUMD7GHG,laptops,Acer Nitro V 15 Intel Core i5 13th Gen 13420H - (16 GB/512 GB SSD/Windows 11 Home/8 GB Graphics/NVIDIA...,amazon,106000.0,114999.0,8.0,4.5,https://www.amazon.in/s?k=Acer+Nitro+V+15+Intel+Core+i5+13th+Gen+13420H+-+%2816+GB%2F512+GB+SSD%2FWindows+11+Home%2F8+GB+Graphics%2FNVIDIA...&ref=nb_sb_noss,2026-09-09 09:46:13.810502
AZ_COMHDWZ63ZXXJTNF,laptops,DELL Inspiron 15 (Core i3 14th Gen) Intel Core 3 100U - (8 GB/512 GB SSD/Windows 11 Home) DC15250 Thin...,amazon,55800.0,62500.0,11.0,4.3,https://www.amazon.in/s?k=DELL+Inspiron+15+%28Core+i3+14th+Gen%29+Intel+Core+3+100U+-+%288+GB%2F512+GB+SSD%2FWindows+11+Home%29+DC15250+Thin...&ref=nb_sb_noss,2026-09-09 09:46:13.810502
AZ_COMHGEUYS4ZYZU3R,laptops,Acer Aspire 7 (i7 14th Gen) Intel Core 7 240H - (16 GB/512 GB SSD/Windows 11 Home/6 GB Graphics/NVIDIA...,amazon,101000.0,126200.0,20.0,3.9,https://www.amazon.in/s?k=Acer+Aspire+7+%28i7+14th+Gen%29+Intel+Core+7+240H+-+%2816+GB%2F512+GB+SSD%2FWindows+11+Home%2F6+GB+Graphics%2FNVIDIA...&ref=nb_sb_noss,2026-09-09 09:46:13.810502
AZ_COMH8EPFHZRD9YDC,laptops,DELL 15 AMD Ryzen 5 Quad Core 7520U - (8 GB/512 GB SSD/Windows 11 Home) 3535 Thin and Light Laptop,amazon,56000.0,70000.0,20.0,4.6,https://www.amazon.in/s?k=DELL+15+AMD+Ryzen+5+Quad+Core+7520U+-+%288+GB%2F512+GB+SSD%2FWindows+11+Home%29+3535+Thin+and+Light+Laptop&ref=nb_sb_noss,2026-09-09 09:46:13.810502
AZ_COMHN4F7HVEHFUYW,laptops,ASUS Intel Core N Intel Processor N50 - (8 GB/128 GB EMMC Storage/Chrome OS) CX1405CTA-S60622 Chromebo...,amazon,37500.0,39990.0,6.0,4.4,https://www.amazon.in/s?k=ASUS+Intel+Core+N+Intel+Processor+N50+-+%288+GB%2F128+GB+EMMC+Storage%2FChrome+OS%29+CX1405CTA-S60622+Chromebo...&ref=nb_sb_noss,2026-09-09 09:46:13.810502
AZ_COMHHAFFVHDWM5QB,laptops,ASUS Vivobook 15 (2026) with Office 2024 + M365 Basic(i3 14th Gen) Intel Core 3 14th Gen 100U - (8 GB/...,amazon,61800.0,84990.0,27.0,4.4,https://www.amazon.in/s?k=ASUS+Vivobook+15+%282026%29+with+Office+2024+%2B+M365+Basic%28i3+14th+Gen%29+Intel+Core+3+14th+Gen+100U+-+%288+GB%2F...&ref=nb_sb_noss,2026-09-09 09:46:13.810502
AZ_COMHA9FK8YXVUUWA,laptops,Lenovo 100e Chromebook Gen 4 MediaTek Kompanio 520 - (4 GB/32 GB EMMC Storage/Chrome OS) 100e Chromebo...,amazon,20400.0,25100.0,19.0,4.7,https://www.amazon.in/s?k=Lenovo+100e+Chromebook+Gen+4+MediaTek+Kompanio+520+-+%284+GB%2F32+GB+EMMC+Storage%2FChrome+OS%29+100e+Chromebo...&ref=nb_sb_noss,2026-09-09 10:13:19.274851
AZ_COMHD8BGH99YFMNR,laptops,Neopticon BrowseBook Intel Celeron Dual Core N4020 - (4 GB/256 GB SSD/Windows 11 Home) BBN40425614 Lap...,amazon,23500.0,29533.0,20.0,4.0,https://www.amazon.in/s?k=Neopticon+BrowseBook+Intel+Celeron+Dual+Core+N4020+-+%284+GB%2F256+GB+SSD%2FWindows+11+Home%29+BBN40425614+Lap...&ref=nb_sb_noss,2026-09-09 10:13:19.274851
AZ_COMHKQA3FFDKKNHZ,laptops,ASUS Chromebook CX15 Intel Celeron Dual Core N50 - (4 GB/64 GB EMMC Storage/Chrome OS) CX1505CTA-S7025...,amazon,25000.0,31200.0,20.0,3.9,https://www.amazon.in/s?k=ASUS+Chromebook+CX15+Intel+Celeron+Dual+Core+N50+-+%284+GB%2F64+GB+EMMC+Storage%2FChrome+OS%29+CX1505CTA-S7025...&ref=nb_sb_noss,2026-09-09 10:13:19.274851
AZ_COMHBFRJEWGN4FMY,laptops,HP MSO 2024 Intel Core i3 13th Gen 1315U - (16 GB/512 GB SSD/Windows 11 Home) 15-fd0574TU / 15 - fd066...,amazon,51400.0,64200.0,20.0,4.7,https://www.amazon.in/s?k=HP+MSO+2024+Intel+Core+i3+13th+Gen+1315U+-+%2816+GB%2F512+GB+SSD%2FWindows+11+Home%29+15-fd0574TU+%2F+15+-+fd066...&ref=nb_sb_noss,2026-09-09 10:13:19.274851
AZ_COMHNHH8FBHVAY2N,laptops,ASUS ROG Zephyrus G16 OLED (2026) Intel Core Ultra 9 386H - (32 GB/2 TB SSD/Windows 11 Home/12 GB Grap...,amazon,494900.0,593990.0,17.0,4.7,https://www.amazon.in/s?k=ASUS+ROG+Zephyrus+G16+OLED+%282026%29+Intel+Core+Ultra+9+386H+-+%2832+GB%2F2+TB+SSD%2FWindows+11+Home%2F12+GB+Grap...&ref=nb_sb_noss,2026-09-09 10:13:19.274851
AZ_COMHFSGXHHSXD7MF,laptops,DELL 14 Microsoft Office Home 2024 Snapdragon X - (16 GB/512 GB SSD/Windows 11 Home) Inspiron 5441 Thi...,amazon,63700.0,87704.0,27.0,4.3,https://www.amazon.in/s?k=DELL+14+Microsoft+Office+Home+2024+Snapdragon+X+-+%2816+GB%2F512+GB+SSD%2FWindows+11+Home%29+Inspiron+5441+Thi...&ref=nb_sb_noss,2026-09-09 10:13:19.274851
AZ_COMGT846VD2DQBG4,laptops,Primebook Wifi (2026 Model) MediaTek MT8183 - (4 GB/64 GB EMMC Storage/Prime OS) PB Wifi Thin and Ligh...,amazon,17700.0,24990.0,29.0,4.6,https://www.amazon.in/s?k=Primebook+Wifi+%282026+Model%29+MediaTek+MT8183+-+%284+GB%2F64+GB+EMMC+Storage%2FPrime+OS%29+PB+Wifi+Thin+and+Ligh...&ref=nb_sb_noss,2026-09-09 10:13:19.274851
AZ_COMHZZG7M4JZ5KZS,laptops,Acer Chromebook MediaTek Kompanio 540 - (4 GB/128 GB EMMC Storage/Chrome OS) CB315-8H Chromebook,amazon,36300.0,52999.0,32.0,4.6,https://www.amazon.in/s?k=Acer+Chromebook+MediaTek+Kompanio+540+-+%284+GB%2F128+GB+EMMC+Storage%2FChrome+OS%29+CB315-8H+Chromebook&ref=nb_sb_noss,2026-09-09 10:13:19.274851
AZ_COMGMV6VQPNPGCBW,laptops,MSI Modern 14 Intel Core i3 12th Gen 1215U - (8 GB/512 GB SSD/Windows 11 Home) Modern 14 C12M-445IN / ...,amazon,44100.0,55100.0,20.0,4.6,https://www.amazon.in/s?k=MSI+Modern+14+Intel+Core+i3+12th+Gen+1215U+-+%288+GB%2F512+GB+SSD%2FWindows+11+Home%29+Modern+14+C12M-445IN+%2F+...&ref=nb_sb_noss,2026-09-09 10:13:19.274851
AZ_COMH6BCGNK3NGTE4,laptops,WarnerCann Hi5 pro Intel Core i5 12th Gen - (8 GB/256 GB SSD/Windows 11 Pro) Hi5 Pro Business Laptop B...,amazon,35600.0,56000.0,36.0,4.7,https://www.amazon.in/s?k=WarnerCann+Hi5+pro+Intel+Core+i5+12th+Gen+-+%288+GB%2F256+GB+SSD%2FWindows+11+Pro%29+Hi5+Pro+Business+Laptop+B...&ref=nb_sb_noss,2026-09-09 10:13:19.274851
AZ_COMGZUYDFZXHWYWZ,laptops,Samsung Galaxy Book4 Metal Intel Core i5 13th Gen 1335U - (8 GB/512 GB SSD/Windows 11 Home) NP750XGJ-K...,amazon,57300.0,78189.0,27.0,4.8,https://www.amazon.in/s?k=Samsung+Galaxy+Book4+Metal+Intel+Core+i5+13th+Gen+1335U+-+%288+GB%2F512+GB+SSD%2FWindows+11+Home%29+NP750XGJ-K...&ref=nb_sb_noss,2026-09-09 10:13:19.274851
AZ_COMH2TPSVSGUVKY4,laptops,Acer Aspire Lite AMD Ryzen 3 Quad Core 5400U - (8 GB/256 GB SSD/Windows 11 Home) AL15-41 Thin and Ligh...,amazon,38400.0,44990.0,15.0,3.9,https://www.amazon.in/s?k=Acer+Aspire+Lite+AMD+Ryzen+3+Quad+Core+5400U+-+%288+GB%2F256+GB+SSD%2FWindows+11+Home%29+AL15-41+Thin+and+Ligh...&ref=nb_sb_noss,2026-09-09 10:13:19.274851
AZ_COMHKQA3R42GHHJF,laptops,ASUS Chromebook CX14 Intel Celeron Dual Core N50 - (4 GB/64 GB EMMC Storage/Chrome OS) CX1405CTA-S6062...,amazon,24900.0,28990.0,14.0,4.2,https://www.amazon.in/s?k=ASUS+Chromebook+CX14+Intel+Celeron+Dual+Core+N50+-+%284+GB%2F64+GB+EMMC+Storage%2FChrome+OS%29+CX1405CTA-S6062...&ref=nb_sb_noss,2026-09-09 10:13:19.274851
AZ_COMH8Z2QRWQQZTCJ,laptops,ASUS Expertbook P1 with 1 Yr ADP(i3 14th Gen) Intel Core 3 13th Gen 1315U - (8 GB/512 GB SSD/Windows 1...,amazon,46600.0,69990.0,33.0,4.0,https://www.amazon.in/s?k=ASUS+Expertbook+P1+with+1+Yr+ADP%28i3+14th+Gen%29+Intel+Core+3+13th+Gen+1315U+-+%288+GB%2F512+GB+SSD%2FWindows+1...&ref=nb_sb_noss,2026-09-09 10:13:19.274851
AZ_COMH2TPSM9V7V38F,laptops,Acer Aspire Lite AMD Ryzen 3 Quad Core 5400U - (8 GB/512 GB SSD/Windows 11 Home) AL15-41 Thin and Ligh...,amazon,47500.0,49990.0,5.0,3.9,https://www.amazon.in/s?k=Acer+Aspire+Lite+AMD+Ryzen+3+Quad+Core+5400U+-+%288+GB%2F512+GB+SSD%2FWindows+11+Home%29+AL15-41+Thin+and+Ligh...&ref=nb_sb_noss,2026-09-09 10:13:19.274851
AZ_COMH4B6CGZKHKUV3,laptops,Acer Aspire 3 Intel Core i5 13th Gen 1334U - (16 GB/512 GB SSD/Windows 11 Home) A324-53 Thin and Light...,amazon,47500.0,66999.0,29.0,4.2,https://www.amazon.in/s?k=Acer+Aspire+3+Intel+Core+i5+13th+Gen+1334U+-+%2816+GB%2F512+GB+SSD%2FWindows+11+Home%29+A324-53+Thin+and+Light...&ref=nb_sb_noss,2026-09-09 10:13:19.274851
AZ_COMH7NCZGGGWQC4W,laptops,Acer Aspire 3 Intel Celeron Dual Core - (8 GB/128 GB SSD/Windows 11 Home) A311-45 Thin and Light Lapto...,amazon,34800.0,49990.0,30.0,4.2,https://www.amazon.in/s?k=Acer+Aspire+3+Intel+Celeron+Dual+Core+-+%288+GB%2F128+GB+SSD%2FWindows+11+Home%29+A311-45+Thin+and+Light+Lapto...&ref=nb_sb_noss,2026-09-09 10:13:19.274851
AZ_COMHCYMG83BGNQHH,laptops,Lenovo Chromebook 11IJL9 Intel Celeron Dual Core N4500 - (4 GB/64 GB EMMC Storage/Chrome OS) Chromeboo...,amazon,17300.0,36502.0,53.0,4.5,https://www.amazon.in/s?k=Lenovo+Chromebook+11IJL9+Intel+Celeron+Dual+Core+N4500+-+%284+GB%2F64+GB+EMMC+Storage%2FChrome+OS%29+Chromeboo...&ref=nb_sb_noss,2026-09-09 10:13:19.274851
AZ_COMHH6Q4E6HYUURM,laptops,HP 15 AMD Ryzen 5 Quad Core 7520U - (8 GB/512 GB SSD/Windows 11 Home) 15-fc0805AU Thin and Light Lapto...,amazon,55400.0,87179.0,36.0,4.2,https://www.amazon.in/s?k=HP+15+AMD+Ryzen+5+Quad+Core+7520U+-+%288+GB%2F512+GB+SSD%2FWindows+11+Home%29+15-fc0805AU+Thin+and+Light+Lapto...&ref=nb_sb_noss,2026-09-09 10:13:19.274851
AZ_COMH397XPF4Z3BMX,laptops,Acer Aspire 3 Backlit AMD Ryzen 7 Octa Core 7730U - (16 GB/512 GB SSD/Windows 11 Home) Aspire AS15 - 4...,amazon,55500.0,72999.0,24.0,4.6,https://www.amazon.in/s?k=Acer+Aspire+3+Backlit+AMD+Ryzen+7+Octa+Core+7730U+-+%2816+GB%2F512+GB+SSD%2FWindows+11+Home%29+Aspire+AS15+-+4...&ref=nb_sb_noss,2026-09-09 10:13:19.274851
AZ_COMHD8BGPXTWVY3J,laptops,Neopticon BrowseBook Intel Celeron Dual Core N4020 - (4 GB/128 GB SSD/Windows 11 Home) BBN40412814 Lap...,amazon,15700.0,25990.0,40.0,4.2,https://www.amazon.in/s?k=Neopticon+BrowseBook+Intel+Celeron+Dual+Core+N4020+-+%284+GB%2F128+GB+SSD%2FWindows+11+Home%29+BBN40412814+Lap...&ref=nb_sb_noss,2026-09-09 10:13:19.274851
AZ_COMHDZVEE22P67WR,laptops,HP Victus AI AMD Ryzen 7 Octa Core 260 - (24 GB/1 TB SSD/Windows 11 Home/8 GB Graphics/NVIDIA GeForce ...,amazon,119700.0,149600.0,20.0,4.7,https://www.amazon.in/s?k=HP+Victus+AI+AMD+Ryzen+7+Octa+Core+260+-+%2824+GB%2F1+TB+SSD%2FWindows+11+Home%2F8+GB+Graphics%2FNVIDIA+GeForce+...&ref=nb_sb_noss,2026-09-09 10:13:19.274851
AZ_COMHZW7ATMPJXGDS,laptops,Acer One 15 AMD Ryzen 3 Octa Core 7320U - (8 GB/256 GB SSD/Windows 11 Home) AO15-41M-G2 Notebook,amazon,41600.0,57500.0,28.0,4.1,https://www.amazon.in/s?k=Acer+One+15+AMD+Ryzen+3+Octa+Core+7320U+-+%288+GB%2F256+GB+SSD%2FWindows+11+Home%29+AO15-41M-G2+Notebook&ref=nb_sb_noss,2026-09-09 10:13:19.274851
AZ_COMHGWQY66YNGVFK,laptops,ASUS Vivobook 15 (2025) with Office 2024 + M365 Basic* Intel Core i3 13th Gen - (8 GB/512 GB SSD/Windo...,amazon,43200.0,75990.0,43.0,4.4,https://www.amazon.in/s?k=ASUS+Vivobook+15+%282025%29+with+Office+2024+%2B+M365+Basic%2A+Intel+Core+i3+13th+Gen+-+%288+GB%2F512+GB+SSD%2FWindo...&ref=nb_sb_noss,2026-09-09 10:13:19.274851
AZ_COMGFHMJFHEDTDD4,laptops,Acer One 14 AMD Ryzen 3 Quad Core 7320U - (8 GB/256 GB SSD/Windows 11 Home) A114-43 Thin and Light Lap...,amazon,23500.0,29400.0,20.0,3.9,https://www.amazon.in/s?k=Acer+One+14+AMD+Ryzen+3+Quad+Core+7320U+-+%288+GB%2F256+GB+SSD%2FWindows+11+Home%29+A114-43+Thin+and+Light+Lap...&ref=nb_sb_noss,2026-09-09 10:13:19.274851
AZ_COMH7NCZY2QDJ5Z4,laptops,Acer Aspire 3 Intel Celeron Dual Core - (8 GB/512 GB SSD/Windows 11 Home) A311-45 Thin and Light Lapto...,amazon,38000.0,45990.0,17.0,4.1,https://www.amazon.in/s?k=Acer+Aspire+3+Intel+Celeron+Dual+Core+-+%288+GB%2F512+GB+SSD%2FWindows+11+Home%29+A311-45+Thin+and+Light+Lapto...&ref=nb_sb_noss,2026-09-09 10:13:19.274851
AZ_COMHNNKQR9FURZZQ,laptops,Acer Aspire 5 Intel Core Ultra 5 125H - (16 GB/512 GB SSD/Windows 11 Home) A514-54H Notebook,amazon,70600.0,99990.0,29.0,4.4,https://www.amazon.in/s?k=Acer+Aspire+5+Intel+Core+Ultra+5+125H+-+%2816+GB%2F512+GB+SSD%2FWindows+11+Home%29+A514-54H+Notebook&ref=nb_sb_noss,2026-09-09 10:13:19.274851
AZ_COMHM55EDFBDAHHZ,laptops,HP {2026} AMD Ryzen 5 Hexa Core 7535U - (8 GB/512 GB SSD/Windows 11 Home) 255R G10 Laptop,amazon,57400.0,65990.0,13.0,3.9,https://www.amazon.in/s?k=HP+%7B2026%7D+AMD+Ryzen+5+Hexa+Core+7535U+-+%288+GB%2F512+GB+SSD%2FWindows+11+Home%29+255R+G10+Laptop&ref=nb_sb_noss,2026-09-09 10:13:19.274851
AZ_COMHK55FMC67NQ5V,laptops,HP MS Office 2024 Intel Core i5 13th Gen 13420H - (16 GB/512 GB SSD/Windows 11 Home) 15-fr0045TU Thin ...,amazon,70700.0,88400.0,20.0,4.3,https://www.amazon.in/s?k=HP+MS+Office+2024+Intel+Core+i5+13th+Gen+13420H+-+%2816+GB%2F512+GB+SSD%2FWindows+11+Home%29+15-fr0045TU+Thin+...&ref=nb_sb_noss,2026-09-09 10:13:19.274851
AZ_COMH397XW36HUXB8,laptops,Acer Aspire 15 AMD Office 2024 + M365 Basic AMD Ryzen 5 Hexa Core 7430U - (16 GB/512 GB SSD/Windows 11...,amazon,55900.0,59990.0,7.0,3.9,https://www.amazon.in/s?k=Acer+Aspire+15+AMD+Office+2024+%2B+M365+Basic+AMD+Ryzen+5+Hexa+Core+7430U+-+%2816+GB%2F512+GB+SSD%2FWindows+11...&ref=nb_sb_noss,2026-09-09 10:13:19.274851
AZ_COMHG77QAFYQFUQG,laptops,HP 255 G10 (2025) AMD Athlon Dual Core 7120U - (8 GB/256 GB SSD/Windows 11 Pro) 255 G10 Thin and Light...,amazon,47500.0,50128.0,5.0,4.5,https://www.amazon.in/s?k=HP+255+G10+%282025%29+AMD+Athlon+Dual+Core+7120U+-+%288+GB%2F256+GB+SSD%2FWindows+11+Pro%29+255+G10+Thin+and+Light...&ref=nb_sb_noss,2026-09-09 10:13:19.274851
AZ_COMHMPEEGVJYYZ2Z,laptops,Acer Aspire 3 (i3 14th Gen) Intel Core 3 100U - (8 GB/512 GB SSD/Windows 11 Home) A324-53 Notebook,amazon,52200.0,94999.0,45.0,4.2,https://www.amazon.in/s?k=Acer+Aspire+3+%28i3+14th+Gen%29+Intel+Core+3+100U+-+%288+GB%2F512+GB+SSD%2FWindows+11+Home%29+A324-53+Notebook&ref=nb_sb_noss,2026-09-09 10:13:19.274851
AZ_COMH7NCZ8BARKXFF,laptops,Acer Aspire 3 Intel Celeron Dual Core - (8 GB/256 GB SSD/Windows 11 Home) A311-45 Thin and Light Lapto...,amazon,36200.0,48999.0,26.0,4.8,https://www.amazon.in/s?k=Acer+Aspire+3+Intel+Celeron+Dual+Core+-+%288+GB%2F256+GB+SSD%2FWindows+11+Home%29+A311-45+Thin+and+Light+Lapto...&ref=nb_sb_noss,2026-09-09 10:13:19.274851
AZ_COMHHAFFYEGZUXG8,laptops,"ASUS Vivobook 14 Flip OLED (2026) with Touch Screen, Metallic Design, Intel Core Ultra 5 226V - (16 GB...",amazon,92100.0,176990.0,48.0,4.2,https://www.amazon.in/s?k=ASUS+Vivobook+14+Flip+OLED+%282026%29+with+Touch+Screen%2C+Metallic+Design%2C+Intel+Core+Ultra+5+226V+-+%2816+GB...&ref=nb_sb_noss,2026-09-09 10:13:19.274851
AZ_COMH59ENQYHDYJGX,laptops,Acer Aspire 3 Intel Pentium Quad Core N6000 - (12 GB/512 GB SSD/Windows 11 Home) A325-45 Thin and Ligh...,amazon,44400.0,44990.0,1.0,4.1,https://www.amazon.in/s?k=Acer+Aspire+3+Intel+Pentium+Quad+Core+N6000+-+%2812+GB%2F512+GB+SSD%2FWindows+11+Home%29+A325-45+Thin+and+Ligh...&ref=nb_sb_noss,2026-09-09 10:13:19.274851
AZ_COMHK4F734GZWHFM,laptops,HP 15 (i3 14th Gen) Intel Core 3 100U - (16 GB/512 GB SSD/Windows 11 Home) 15-fd0885TU Thin and Light ...,amazon,52400.0,65500.0,20.0,4.7,https://www.amazon.in/s?k=HP+15+%28i3+14th+Gen%29+Intel+Core+3+100U+-+%2816+GB%2F512+GB+SSD%2FWindows+11+Home%29+15-fd0885TU+Thin+and+Light+...&ref=nb_sb_noss,2026-09-09 10:13:19.274851
AZ_COMH9SJ9Q8ZZHFN7,laptops,"ASUS Vivobook 15 (2025) with Touchscreen & Backlit Keyboard, Intel Core i3 13th Gen 1315U - (8 GB/512 ...",amazon,45400.0,51990.0,13.0,4.2,https://www.amazon.in/s?k=ASUS+Vivobook+15+%282025%29+with+Touchscreen+%26+Backlit+Keyboard%2C+Intel+Core+i3+13th+Gen+1315U+-+%288+GB%2F512+...&ref=nb_sb_noss,2026-09-09 10:13:19.274851
AZ_COMHBFRJKS4UDSRU,laptops,HP 15s Metal Intel Core i3 13th Gen 1315U - (8 GB/512 GB SSD/Windows 11 Home) 15-hr0005TU Thin and Lig...,amazon,50700.0,63400.0,20.0,4.0,https://www.amazon.in/s?k=HP+15s+Metal+Intel+Core+i3+13th+Gen+1315U+-+%288+GB%2F512+GB+SSD%2FWindows+11+Home%29+15-hr0005TU+Thin+and+Lig...&ref=nb_sb_noss,2026-09-09 10:13:19.274851
AZ_COMHMHYH9GDHGXDA,laptops,"Acer Aspire 15 MS Office 2024 + M365 Basic, AMD Ryzen 3 Quad Core 7330U - (8 GB/256 GB SSD/Windows 11 ...",amazon,44400.0,74999.0,41.0,4.4,https://www.amazon.in/s?k=Acer+Aspire+15+MS+Office+2024+%2B+M365+Basic%2C+AMD+Ryzen+3+Quad+Core+7330U+-+%288+GB%2F256+GB+SSD%2FWindows+11+...&ref=nb_sb_noss,2026-09-09 10:13:19.274851
AZ_COMHBFRJJPDPHZ2H,laptops,HP Intel Core i3 13th Gen 1315U - (8 GB/512 GB SSD/Windows 11 Home) 15-fd0569TU Thin and Light Laptop,amazon,59000.0,69990.0,16.0,4.0,https://www.amazon.in/s?k=HP+Intel+Core+i3+13th+Gen+1315U+-+%288+GB%2F512+GB+SSD%2FWindows+11+Home%29+15-fd0569TU+Thin+and+Light+Laptop&ref=nb_sb_noss,2026-09-09 10:13:19.274851
AZ_COMHCPHGZXJWVNX2,laptops,HP 15 (2025) AMD Athlon Dual Core 7120U - (8 GB/256 GB SSD/Windows 11 Home) 15 Thin and Light Laptop,amazon,48400.0,49990.0,3.0,4.1,https://www.amazon.in/s?k=HP+15+%282025%29+AMD+Athlon+Dual+Core+7120U+-+%288+GB%2F256+GB+SSD%2FWindows+11+Home%29+15+Thin+and+Light+Laptop&ref=nb_sb_noss,2026-09-09 10:13:19.274851
AZ_COMHMYD8FQU2Z8QG,laptops,"Acer Aspire 15 Lite(i5 14th Gen) Intel Core 5 210H - (16 GB/512 GB SSD/Windows 11 Home) AL 15-52H , AL...",amazon,65600.0,73418.0,11.0,4.8,https://www.amazon.in/s?k=Acer+Aspire+15+Lite%28i5+14th+Gen%29+Intel+Core+5+210H+-+%2816+GB%2F512+GB+SSD%2FWindows+11+Home%29+AL+15-52H+%2C+AL...&ref=nb_sb_noss,2026-09-09 10:13:19.274851
AZ_COMGZNSBMUR7S8WY,laptops,HP 15s Backlit Keyboard AMD Ryzen 3 Quad Core 7320U - (8 GB/512 GB SSD/Windows 11 Home) 15-fc0026AU Th...,amazon,49400.0,55990.0,12.0,4.7,https://www.amazon.in/s?k=HP+15s+Backlit+Keyboard+AMD+Ryzen+3+Quad+Core+7320U+-+%288+GB%2F512+GB+SSD%2FWindows+11+Home%29+15-fc0026AU+Th...&ref=nb_sb_noss,2026-09-09 10:13:19.274851
AZ_COMHEZA8DBZRJXZG,laptops,HP 15 Intel Core i5 13th Gen 13420H - (16 GB/512 GB SSD/Windows 11 Home) 15-fr0028TU | 15-fr0045TU Thi...,amazon,69000.0,69023.0,0.0,4.4,https://www.amazon.in/s?k=HP+15+Intel+Core+i5+13th+Gen+13420H+-+%2816+GB%2F512+GB+SSD%2FWindows+11+Home%29+15-fr0028TU+%7C+15-fr0045TU+Thi...&ref=nb_sb_noss,2026-09-09 10:13:19.274851
AZ_COMHDGD5FH6NZPHD,laptops,Primebook 2 Pro (2026) in-Built AI MediaTek Helio G99 (MT8781) - (8 GB/128 GB/Android 15) PBG9914128#4...,amazon,30100.0,39990.0,25.0,4.7,https://www.amazon.in/s?k=Primebook+2+Pro+%282026%29+in-Built+AI+MediaTek+Helio+G99+%28MT8781%29+-+%288+GB%2F128+GB%2FAndroid+15%29+PBG9914128%234...&ref=nb_sb_noss,2026-09-09 10:13:19.274851
AZ_COMHFT2NY5V7RCMK,laptops,ASUS TUF Gaming A15 AMD Ryzen 7 Octa Core 7435HS - (16 GB/512 GB SSD/Windows 11 Home/4 GB Graphics/NVI...,amazon,65000.0,86990.0,25.0,4.7,https://www.amazon.in/s?k=ASUS+TUF+Gaming+A15+AMD+Ryzen+7+Octa+Core+7435HS+-+%2816+GB%2F512+GB+SSD%2FWindows+11+Home%2F4+GB+Graphics%2FNVI...&ref=nb_sb_noss,2026-09-09 10:13:19.274851
AZ_COMH743DRRNQYDSH,laptops,HP 255 G10 (2024) AMD Ryzen 3 Quad Core 7320U - (8 GB/512 GB SSD/Windows 11 Home) 250 G10 Thin and Lig...,amazon,46900.0,55590.0,16.0,4.0,https://www.amazon.in/s?k=HP+255+G10+%282024%29+AMD+Ryzen+3+Quad+Core+7320U+-+%288+GB%2F512+GB+SSD%2FWindows+11+Home%29+250+G10+Thin+and+Lig...&ref=nb_sb_noss,2026-09-09 10:13:19.274851
AZ_COMHE4ATFWNVHXHS,laptops,Samsung Galaxy Book4 Edge Series Copilot AI-PC Full Metal Chasis Snapdragon X - (16 GB/512 GB SSD/Wind...,amazon,74200.0,92390.0,20.0,3.9,https://www.amazon.in/s?k=Samsung+Galaxy+Book4+Edge+Series+Copilot+AI-PC+Full+Metal+Chasis+Snapdragon+X+-+%2816+GB%2F512+GB+SSD%2FWind...&ref=nb_sb_noss,2026-09-09 10:13:19.274851
AZ_COMH397X2KJ8XCHR,laptops,Acer Aspire 15 AMD Ryzen 3 Quad Core 7330U - (8 GB/512 GB SSD/Windows 11 Home) AS15 42 / A325 42 Thin ...,amazon,47000.0,76999.0,39.0,4.7,https://www.amazon.in/s?k=Acer+Aspire+15+AMD+Ryzen+3+Quad+Core+7330U+-+%288+GB%2F512+GB+SSD%2FWindows+11+Home%29+AS15+42+%2F+A325+42+Thin+...&ref=nb_sb_noss,2026-09-09 10:13:19.274851
AZ_COMHZX8EXE4JE2FD,laptops,Lenovo IdeaPad Slim 3 AMD Ryzen 3 30 - (16 GB/512 GB SSD/Windows 11 Home) IdeaPad Slim 3 15AMN8 Thin a...,amazon,58200.0,111490.0,48.0,4.5,https://www.amazon.in/s?k=Lenovo+IdeaPad+Slim+3+AMD+Ryzen+3+30+-+%2816+GB%2F512+GB+SSD%2FWindows+11+Home%29+IdeaPad+Slim+3+15AMN8+Thin+a...&ref=nb_sb_noss,2026-09-09 10:13:19.274851
AZ_COMHHNH8QYHRSTCG,laptops,ASUS TUF Gaming A15 (2026) AMD Ryzen 7 170 - (16 GB/1 TB SSD/Windows 11 Home/4 GB Graphics/NVIDIA GeFo...,amazon,76000.0,90990.0,16.0,4.3,https://www.amazon.in/s?k=ASUS+TUF+Gaming+A15+%282026%29+AMD+Ryzen+7+170+-+%2816+GB%2F1+TB+SSD%2FWindows+11+Home%2F4+GB+Graphics%2FNVIDIA+GeFo...&ref=nb_sb_noss,2026-09-09 10:13:19.274851
AZ_COMGWKF2QYG6XNCZ,laptops,Acer Aspire Lite Intel Core i3 12th Gen 1215U - (16 GB/512 GB SSD/Windows 11 Home) AL15-52 Thin and Li...,amazon,53000.0,54790.0,3.0,4.6,https://www.amazon.in/s?k=Acer+Aspire+Lite+Intel+Core+i3+12th+Gen+1215U+-+%2816+GB%2F512+GB+SSD%2FWindows+11+Home%29+AL15-52+Thin+and+Li...&ref=nb_sb_noss,2026-09-09 10:13:19.274851
AZ_COMHDG7CFDWVKYMZ,laptops,"ASUS Vivobook 15 (2025) (i5 14th Gen) with MSO 2024 + M365 Basic*, Backlit Keyboard, Intel Core 5 120U...",amazon,72000.0,75000.0,4.0,4.6,https://www.amazon.in/s?k=ASUS+Vivobook+15+%282025%29+%28i5+14th+Gen%29+with+MSO+2024+%2B+M365+Basic%2A%2C+Backlit+Keyboard%2C+Intel+Core+5+120U...&ref=nb_sb_noss,2026-09-09 10:13:19.274851
AZ_COMGTGFGB8GK3NV7,laptops,Acer ‎Acer One 14 AMD Ryzen 3 Quad Core 7320U - (8 GB/512 GB SSD/Windows 11 Home) A114-43 Thin and Lig...,amazon,45000.0,49990.0,10.0,4.5,https://www.amazon.in/s?k=Acer+%E2%80%8EAcer+One+14+AMD+Ryzen+3+Quad+Core+7320U+-+%288+GB%2F512+GB+SSD%2FWindows+11+Home%29+A114-43+Thin+and+Lig...&ref=nb_sb_noss,2026-09-09 10:13:19.274851
AZ_COMGT2ZXC24MFNFA,laptops,ASUS Vivobook 15 Intel Core i3 12th Gen 1215U - (8 GB/512 GB SSD/Windows 11 Home) X1504ZA-NJ321WS Thin...,amazon,36300.0,54990.0,34.0,4.8,https://www.amazon.in/s?k=ASUS+Vivobook+15+Intel+Core+i3+12th+Gen+1215U+-+%288+GB%2F512+GB+SSD%2FWindows+11+Home%29+X1504ZA-NJ321WS+Thin...&ref=nb_sb_noss,2026-09-09 10:13:19.274851
AZ_COMHEHHXKFQSABXZ,laptops,HP OMEN AI AMD Ryzen AI 7 Octa Core AI 7 350 - (24 GB/1 TB SSD/Windows 11 Home/8 GB Graphics/NVIDIA Ge...,amazon,148500.0,162996.0,9.0,4.5,https://www.amazon.in/s?k=HP+OMEN+AI+AMD+Ryzen+AI+7+Octa+Core+AI+7+350+-+%2824+GB%2F1+TB+SSD%2FWindows+11+Home%2F8+GB+Graphics%2FNVIDIA+Ge...&ref=nb_sb_noss,2026-09-09 10:13:19.274851
AZ_COMHZX2TW9ZYNZMX,laptops,Acer Aspire 3 AMD Ryzen 3 5300U - (8 GB/256 GB SSD/Windows 11 Home) A325-42 Notebook,amazon,38900.0,49990.0,22.0,3.9,https://www.amazon.in/s?k=Acer+Aspire+3+AMD+Ryzen+3+5300U+-+%288+GB%2F256+GB+SSD%2FWindows+11+Home%29+A325-42+Notebook&ref=nb_sb_noss,2026-09-09 10:13:19.274851
AZ_COMGZUYDGFJGHZR4,laptops,Samsung Galaxy Book4 Metal Intel Core i5 13th Gen 1335U - (16 GB/512 GB SSD/Windows 11 Home) NP750XGJ ...,amazon,77600.0,90800.0,15.0,4.7,https://www.amazon.in/s?k=Samsung+Galaxy+Book4+Metal+Intel+Core+i5+13th+Gen+1335U+-+%2816+GB%2F512+GB+SSD%2FWindows+11+Home%29+NP750XGJ+...&ref=nb_sb_noss,2026-09-09 10:13:19.274851
AZ_COMHZQX4TQ3P9H3Z,laptops,Apple Macbook Neo A18 Pro(2026) A18 Pro - (8 GB/512 GB SSD/Tahoe) MHFG4HN/A,amazon,92600.0,115800.0,20.0,4.5,https://www.amazon.in/s?k=Apple+Macbook+Neo+A18+Pro%282026%29+A18+Pro+-+%288+GB%2F512+GB+SSD%2FTahoe%29+MHFG4HN%2FA&ref=nb_sb_noss,2026-09-09 10:13:19.274851
AZ_COMHBYH3ZQMZKTSA,laptops,Acer Aspire AMD Ryzen 5 Hexa Core 7430U - (16 GB/1 TB SSD/Windows 11 Home) AS15-42 Thin and Light Lapt...,amazon,63000.0,64990.0,3.0,4.8,https://www.amazon.in/s?k=Acer+Aspire+AMD+Ryzen+5+Hexa+Core+7430U+-+%2816+GB%2F1+TB+SSD%2FWindows+11+Home%29+AS15-42+Thin+and+Light+Lapt...&ref=nb_sb_noss,2026-09-09 10:13:19.274851
AZ_COMHHT9GCKNHQSZZ,laptops,ASUS Expertbook AMD Ryzen 5 Hexa Core 150 - (16 GB/512 GB SSD/Windows 11 Home) PM1503CDA-S70546WS Lapt...,amazon,67300.0,169990.0,60.0,4.1,https://www.amazon.in/s?k=ASUS+Expertbook+AMD+Ryzen+5+Hexa+Core+150+-+%2816+GB%2F512+GB+SSD%2FWindows+11+Home%29+PM1503CDA-S70546WS+Lapt...&ref=nb_sb_noss,2026-09-09 10:13:19.274851
AZ_COMH89EBYFHZZGMH,laptops,"ASUS Vivobook 16 (2025) with Office 2024 + M365 Basic, AI PC Intel Core Ultra 5 Series 2 225H - (16 GB...",amazon,96500.0,98900.0,2.0,4.6,https://www.amazon.in/s?k=ASUS+Vivobook+16+%282025%29+with+Office+2024+%2B+M365+Basic%2C+AI+PC+Intel+Core+Ultra+5+Series+2+225H+-+%2816+GB...&ref=nb_sb_noss,2026-09-09 10:13:19.274851
AZ_COMHHNNZKTNAND2A,laptops,Lenovo IdeaPad Slim 3 with 1Year ADP AMD Ryzen 5 40 - (16 GB/512 GB SSD/Windows 11 Home) 15AMN8 Laptop,amazon,69300.0,80190.0,14.0,4.5,https://www.amazon.in/s?k=Lenovo+IdeaPad+Slim+3+with+1Year+ADP+AMD+Ryzen+5+40+-+%2816+GB%2F512+GB+SSD%2FWindows+11+Home%29+15AMN8+Laptop&ref=nb_sb_noss,2026-09-09 10:13:19.274851
AZ_COMHFBRSJHWSFV3C,laptops,Lenovo IdeaPad Slim 3 with 1Yr ADP Intel Core i3 13th Gen 1315U - (8 GB/512 GB SSD/Windows 11 Home) 15...,amazon,56800.0,60592.0,6.0,4.4,https://www.amazon.in/s?k=Lenovo+IdeaPad+Slim+3+with+1Yr+ADP+Intel+Core+i3+13th+Gen+1315U+-+%288+GB%2F512+GB+SSD%2FWindows+11+Home%29+15...&ref=nb_sb_noss,2026-09-09 10:13:19.274851
AZ_COMHDFUWWFF77NQC,laptops,HP Intel Core i7 13th Gen 13620H - (16 GB/512 GB SSD/Windows 11 Home) 15-fr0046TU Thin and Light Lapto...,amazon,91200.0,111999.0,19.0,4.5,https://www.amazon.in/s?k=HP+Intel+Core+i7+13th+Gen+13620H+-+%2816+GB%2F512+GB+SSD%2FWindows+11+Home%29+15-fr0046TU+Thin+and+Light+Lapto...&ref=nb_sb_noss,2026-09-09 10:13:19.274851
AZ_COMHZQX4YFJWRPYZ,laptops,Apple Macbook Neo A18 Pro(2026) A18 Pro - (8 GB/256 GB SSD/Tahoe) MHFA4HN/A,amazon,75900.0,94900.0,20.0,4.8,https://www.amazon.in/s?k=Apple+Macbook+Neo+A18+Pro%282026%29+A18+Pro+-+%288+GB%2F256+GB+SSD%2FTahoe%29+MHFA4HN%2FA&ref=nb_sb_noss,2026-09-09 10:13:19.274851
AZ_COMHEZZTHYZ3DUK5,laptops,"ASUS Vivobook 15 (2025) with Office 2024 + M365 Basic*, Intel Core i3 13th Gen 1315U - (16 GB/512 GB S...",amazon,51500.0,54990.0,6.0,3.9,https://www.amazon.in/s?k=ASUS+Vivobook+15+%282025%29+with+Office+2024+%2B+M365+Basic%2A%2C+Intel+Core+i3+13th+Gen+1315U+-+%2816+GB%2F512+GB+S...&ref=nb_sb_noss,2026-09-09 10:13:19.274851
AZ_COMH9ZWQSAU7H4TG,laptops,Apple MacBook Air M4 - (24 GB/512 GB SSD/macOS Sequoia) MC7D4HN/A,amazon,144300.0,180400.0,20.0,4.7,https://www.amazon.in/s?k=Apple+MacBook+Air+M4+-+%2824+GB%2F512+GB+SSD%2FmacOS+Sequoia%29+MC7D4HN%2FA&ref=nb_sb_noss,2026-09-09 10:13:19.274851
AZ_COMH4Y6KT9ZMYXA6,laptops,ASUS Vivobook 15 Intel Core i3 12th Gen 1215U - (8 GB/512 GB SSD/Windows 11 Home) X1504ZA-NJ322WS Thin...,amazon,54500.0,59990.0,9.0,4.4,https://www.amazon.in/s?k=ASUS+Vivobook+15+Intel+Core+i3+12th+Gen+1215U+-+%288+GB%2F512+GB+SSD%2FWindows+11+Home%29+X1504ZA-NJ322WS+Thin...&ref=nb_sb_noss,2026-09-09 10:13:19.274851
7c0281cd247be,mobiles,"Apple iPhone 16 (White, 128 GB)",flipkart,69999.0,,0.0,4.6,https://www.flipkart.com/apple-iphone-16-white-128-gb/p/itm7c0281cd247be?pid=MOBH4DQF849HCG6G&lid=LSTMOBH4DQF849HCG6GXHBPXY&marketplace=FLIPKART&q=mobiles&store=tyy%2F4io&spotlightTagId=default_BestsellerId_tyy%2F4io&srno=s_1_3&otracker=search&fm=organic&iid=4e90edb2-cdb5-4790-a335-42afdb048ade.MOBH4DQF849HCG6G.SEARCH&ppt=None&ppn=None&ssid=a5a7fbyips0000001759411977487&qH=eb4af0bf07c16429,2025-10-02 13:32:56.123465
2c05672b9a986,mobiles,"Motorola g45 5G (Pantone Moss, 128 GB)",flipkart,11999.0,14999.0,20.0,4.3,https://www.flipkart.com/motorola-g45-5g-pantone-moss-128-gb/p/itm2c05672b9a986?pid=MOBHC7EW9YTZVZG4&lid=LSTMOBHC7EW9YTZVZG4DYED2B&marketplace=FLIPKART&q=mobiles&store=tyy%2F4io&srno=s_1_7&otracker=search&fm=organic&iid=4e90edb2-cdb5-4790-a335-42afdb048ade.MOBHC7EW9YTZVZG4.SEARCH&ppt=None&ppn=None&ssid=a5a7fbyips0000001759411977487&qH=eb4af0bf07c16429,2025-10-02 13:32:56.123465
4f3bbebe58a57,mobiles,"Motorola g45 5G (Brilliant Green, 128 GB)",flipkart,11999.0,14999.0,20.0,4.3,https://www.flipkart.com/motorola-g45-5g-brilliant-green-128-gb/p/itm4f3bbebe58a57?pid=MOBH3YKQQN3S9TQQ&lid=LSTMOBH3YKQQN3S9TQQIXCQDO&marketplace=FLIPKART&q=mobiles&store=tyy%2F4io&srno=s_1_19&otracker=search&fm=organic&iid=4e90edb2-cdb5-4790-a335-42afdb048ade.MOBH3YKQQN3S9TQQ.SEARCH&ppt=None&ppn=None&ssid=a5a7fbyips0000001759411977487&qH=eb4af0bf07c16429,2025-10-02 13:32:56.123465
c2e910b4d0b1c,mobiles,"Apple iPhone 16 (Pink, 128 GB)",flipkart,69999.0,,0.0,4.6,https://www.flipkart.com/apple-iphone-16-pink-128-gb/p/itmc2e910b4d0b1c?pid=MOBH4DQFWJVDRSHM&lid=LSTMOBH4DQFWJVDRSHMAMTBLL&marketplace=FLIPKART&q=mobiles&store=tyy%2F4io&srno=s_1_24&otracker=search&fm=organic&iid=4e90edb2-cdb5-4790-a335-42afdb048ade.MOBH4DQFWJVDRSHM.SEARCH&ppt=None&ppn=None&ssid=a5a7fbyips0000001759411977487&qH=eb4af0bf07c16429,2025-10-02 13:32:56.123465
93452c0761719,mobiles,"MOTOROLA G96 5G (Pantone Ashleigh Blue, 128 GB)",flipkart,15999.0,20999.0,23.0,4.4,https://www.flipkart.com/motorola-g96-5g-pantone-ashleigh-blue-128-gb/p/itm93452c0761719?pid=MOBHB3SZ2ZUQQQ9U&lid=LSTMOBHB3SZ2ZUQQQ9U5BKC6D&marketplace=FLIPKART&q=mobiles&store=tyy%2F4io&srno=s_2_29&otracker=search&fm=organic&iid=5d54fa37-a63f-4a72-96df-40ef0bc52de0.MOBHB3SZ2ZUQQQ9U.SEARCH&ppt=sp&ppn=sp&ssid=v8gzyf0bio0000001759411982207&qH=eb4af0bf07c16429,2025-10-02 13:32:56.123465
cc210cae43fba,mobiles,"Apple iPhone 16 (Ultramarine, 128 GB)",flipkart,69999.0,,0.0,4.6,https://www.flipkart.com/apple-iphone-16-ultramarine-128-gb/p/itmcc210cae43fba?pid=MOBH4DQFYZT6EH2F&lid=LSTMOBH4DQFYZT6EH2FXM70WU&marketplace=FLIPKART&q=mobiles&store=tyy%2F4io&srno=s_2_30&otracker=search&fm=organic&iid=5d54fa37-a63f-4a72-96df-40ef0bc52de0.MOBH4DQFYZT6EH2F.SEARCH&ppt=sp&ppn=sp&ssid=v8gzyf0bio0000001759411982207&qH=eb4af0bf07c16429,2025-10-02 13:32:56.123465
017656bdd097b,mobiles,"vivo T4x 5G (Pronto Purple, 128 GB)",flipkart,13499.0,17999.0,25.0,4.4,https://www.flipkart.com/vivo-t4x-5g-pronto-purple-128-gb/p/itm017656bdd097b?pid=MOBH9JUSZFBNVDXM&lid=LSTMOBH9JUSZFBNVDXMQY4SVC&marketplace=FLIPKART&q=mobiles&store=tyy%2F4io&spotlightTagId=default_BestsellerId_tyy%2F4io&srno=s_2_34&otracker=search&fm=organic&iid=5d54fa37-a63f-4a72-96df-40ef0bc52de0.MOBH9JUSZFBNVDXM.SEARCH&ppt=sp&ppn=sp&ssid=v8gzyf0bio0000001759411982207&qH=eb4af0bf07c16429,2025-10-02 13:32:56.123465
e960199e26f23,mobiles,"Samsung Galaxy S24 FE 5G (Mint, 256 GB)",flipkart,33999.0,65999.0,48.0,4.5,https://www.flipkart.com/samsung-galaxy-s24-fe-5g-mint-256-gb/p/itme960199e26f23?pid=MOBH4ZG3JACNJMZC&lid=LSTMOBH4ZG3JACNJMZCFREL85&marketplace=FLIPKART&q=mobiles&store=tyy%2F4io&srno=s_2_35&otracker=search&fm=organic&iid=5d54fa37-a63f-4a72-96df-40ef0bc52de0.MOBH4ZG3JACNJMZC.SEARCH&ppt=sp&ppn=sp&ssid=v8gzyf0bio0000001759411982207&qH=eb4af0bf07c16429,2025-10-02 13:32:56.123465
ce4bb3f55cc2f,mobiles,"Apple iPhone 16 (Teal, 128 GB)",flipkart,69999.0,,0.0,4.6,https://www.flipkart.com/apple-iphone-16-teal-128-gb/p/itmce4bb3f55cc2f?pid=MOBH4DQFSY9ETDUU&lid=LSTMOBH4DQFSY9ETDUUI6AN3O&marketplace=FLIPKART&q=mobiles&store=tyy%2F4io&spotlightTagId=default_BestsellerId_tyy%2F4io&srno=s_2_40&otracker=search&fm=organic&iid=5d54fa37-a63f-4a72-96df-40ef0bc52de0.MOBH4DQFSY9ETDUU.SEARCH&ppt=sp&ppn=sp&ssid=v8gzyf0bio0000001759411982207&qH=eb4af0bf07c16429,2025-10-02 13:32:56.123465
86da1977dcdf1,mobiles,"Apple iPhone 16 (Black, 256 GB)",flipkart,79999.0,,0.0,4.6,https://www.flipkart.com/apple-iphone-16-black-256-gb/p/itm86da1977dcdf1?pid=MOBH4DQFZCJJXUFG&lid=LSTMOBH4DQFZCJJXUFGO5DY3W&marketplace=FLIPKART&q=mobiles&store=tyy%2F4io&srno=s_2_43&otracker=search&fm=organic&iid=5d54fa37-a63f-4a72-96df-40ef0bc52de0.MOBH4DQFZCJJXUFG.SEARCH&ppt=sp&ppn=sp&ssid=v8gzyf0bio0000001759411982207&qH=eb4af0bf07c16429,2025-10-02 13:32:56.123465
d6ddbcefce040,mobiles,"realme C61 (Marble Black, 64 GB)",flipkart,5899.0,8999.0,34.0,4.4,https://www.flipkart.com/realme-c61-marble-black-64-gb/p/itmd6ddbcefce040?pid=MOBHFRKRAHPWY9JA&lid=LSTMOBHFRKRAHPWY9JADLJL0N&marketplace=FLIPKART&q=mobiles&store=tyy%2F4io&srno=s_2_44&otracker=search&fm=organic&iid=5d54fa37-a63f-4a72-96df-40ef0bc52de0.MOBHFRKRAHPWY9JA.SEARCH&ppt=sp&ppn=sp&ssid=v8gzyf0bio0000001759411982207&qH=eb4af0bf07c16429,2025-10-02 13:32:56.123465
2d2e398127998,mobiles,"Samsung Galaxy A35 5G (Awesome Navy, 256 GB)",flipkart,19999.0,36999.0,45.0,4.4,https://www.flipkart.com/samsung-galaxy-a35-5g-awesome-navy-256-gb/p/itm2d2e398127998?pid=MOBGYT2HEEYGMZFH&lid=LSTMOBGYT2HEEYGMZFH3U1TOF&marketplace=FLIPKART&q=mobiles&store=tyy%2F4io&srno=s_2_48&otracker=search&fm=organic&iid=en_Na1FiLFDZmpOJlVMqvqeC4kXjOlwuLGcmZl25BqItBmcLsCO3hR7CJMP-eeCyLaB6SfdgS-7ECX-BULs3G0SWU4IsYyWu-Pj9cxFjFAoaLk%3D&ppt=sp&ppn=sp&ssid=v8gzyf0bio0000001759411982207&qH=eb4af0bf07c16429,2025-10-02 13:32:56.123465
9886d6e522c4b,mobiles,"vivo T4 Lite 5G Charger in the Box (Titanium Gold, 256 GB)",flipkart,12999.0,16999.0,23.0,4.3,https://www.flipkart.com/vivo-t4-lite-5g-charger-box-titanium-gold-256-gb/p/itm9886d6e522c4b?pid=MOBHDY9FNTHSYQCV&lid=LSTMOBHDY9FNTHSYQCVKD0GFP&marketplace=FLIPKART&q=mobiles&store=tyy%2F4io&srno=s_3_49&otracker=search&fm=organic&iid=29ae2dd6-fbf2-4983-8153-629dd32c7d21.MOBHDY9FNTHSYQCV.SEARCH&ppt=sp&ppn=sp&ssid=cw7v0d0ucw0000001759411986518&qH=eb4af0bf07c16429,2025-10-02 13:32:56.123465
0d8c695cded44,mobiles,"Apple iPhone 16 (Pink, 256 GB)",flipkart,79999.0,,0.0,4.6,https://www.flipkart.com/apple-iphone-16-pink-256-gb/p/itm0d8c695cded44?pid=MOBH4DQF28XAYM2S&lid=LSTMOBH4DQF28XAYM2S3JPA23&marketplace=FLIPKART&q=mobiles&store=tyy%2F4io&srno=s_3_50&otracker=search&fm=organic&iid=29ae2dd6-fbf2-4983-8153-629dd32c7d21.MOBH4DQF28XAYM2S.SEARCH&ppt=sp&ppn=sp&ssid=cw7v0d0ucw0000001759411986518&qH=eb4af0bf07c16429,2025-10-02 13:32:56.123465
dbb95e3f12ab6,mobiles,"MOTOROLA Edge 60 Fusion 5G (PANTONE Mykonos Blue, 256 GB)",flipkart,20999.0,25999.0,19.0,4.5,https://www.flipkart.com/motorola-edge-60-fusion-5g-pantone-mykonos-blue-256-gb/p/itmdbb95e3f12ab6?pid=MOBH9ARFZXNHC7VZ&lid=LSTMOBH9ARFZXNHC7VZD9IAPG&marketplace=FLIPKART&q=mobiles&store=tyy%2F4io&srno=s_3_51&otracker=search&fm=organic&iid=en_EtLwEoK5P2yXQO-U8Kh0A7obfX-GM4rNyG62oQpGIoLAOkDkM57FEjHLYUuO9qGvyY8ZyFD_IY7JPYO-B5XDcQ%3D%3D&ppt=sp&ppn=sp&ssid=cw7v0d0ucw0000001759411986518&qH=eb4af0bf07c16429,2025-10-02 13:32:56.123465
9218b12ff853f,mobiles,"MOTOROLA Edge 60 Fusion 5G (PANTONE Amazonite, 256 GB)",flipkart,20999.0,25999.0,19.0,4.5,https://www.flipkart.com/motorola-edge-60-fusion-5g-pantone-amazonite-256-gb/p/itm9218b12ff853f?pid=MOBH9ARFPVNU7QNU&lid=LSTMOBH9ARFPVNU7QNU36Q1QX&marketplace=FLIPKART&q=mobiles&store=tyy%2F4io&srno=s_3_52&otracker=search&fm=organic&iid=en_EtLwEoK5P2yXQO-U8Kh0A7obfX-GM4rNyG62oQpGIoIlS-r5FJMZPd5jAuhu44IVktr4pWrpoAdObeOizu3dBQ%3D%3D&ppt=sp&ppn=sp&ssid=cw7v0d0ucw0000001759411986518&qH=eb4af0bf07c16429,2025-10-02 13:32:56.123465
4f25cec0bd003,mobiles,"Apple iPhone 16 Pro (Desert Titanium, 256 GB)",flipkart,119999.0,,0.0,4.7,https://www.flipkart.com/apple-iphone-16-pro-desert-titanium-256-gb/p/itm4f25cec0bd003?pid=MOBH4DQFEZFXPGNJ&lid=LSTMOBH4DQFEZFXPGNJV4UWQH&marketplace=FLIPKART&q=mobiles&store=tyy%2F4io&srno=s_3_54&otracker=search&fm=organic&iid=29ae2dd6-fbf2-4983-8153-629dd32c7d21.MOBH4DQFEZFXPGNJ.SEARCH&ppt=sp&ppn=sp&ssid=cw7v0d0ucw0000001759411986518&qH=eb4af0bf07c16429,2025-10-02 13:32:56.123465
05ad8e674782a,mobiles,"Apple iPhone 16 Pro Max (Natural Titanium, 256 GB)",flipkart,134999.0,,0.0,4.7,https://www.flipkart.com/apple-iphone-16-pro-max-natural-titanium-256-gb/p/itm05ad8e674782a?pid=MOBH4DQFRST2BQQ8&lid=LSTMOBH4DQFRST2BQQ8UII8UK&marketplace=FLIPKART&q=mobiles&store=tyy%2F4io&srno=s_3_56&otracker=search&fm=organic&iid=29ae2dd6-fbf2-4983-8153-629dd32c7d21.MOBH4DQFRST2BQQ8.SEARCH&ppt=sp&ppn=sp&ssid=cw7v0d0ucw0000001759411986518&qH=eb4af0bf07c16429,2025-10-02 13:32:56.123465
5a31476ca6a35,mobiles,"Samsung Galaxy A35 5G (Awesome Lilac, 128 GB)",flipkart,17999.0,33999.0,47.0,4.4,https://www.flipkart.com/samsung-galaxy-a35-5g-awesome-lilac-128-gb/p/itm5a31476ca6a35?pid=MOBGYT2HDZYASSZG&lid=LSTMOBGYT2HDZYASSZGOUJTDB&marketplace=FLIPKART&q=mobiles&store=tyy%2F4io&srno=s_3_57&otracker=search&fm=organic&iid=en_EtLwEoK5P2yXQO-U8Kh0A7obfX-GM4rNyG62oQpGIoK8NXRVKj3I6U2q9DyTZVOQ8fHSi57wzM-W4GdKMzecqA%3D%3D&ppt=sp&ppn=sp&ssid=cw7v0d0ucw0000001759411986518&qH=eb4af0bf07c16429,2025-10-02 13:32:56.123465
3a5653667cb9c,mobiles,"vivo T4R 5G (Arctic White, 256 GB)",flipkart,23499.0,26999.0,12.0,4.5,https://www.flipkart.com/vivo-t4r-5g-arctic-white-256-gb/p/itm3a5653667cb9c?pid=MOBHE49GATGKYHYD&lid=LSTMOBHE49GATGKYHYDJJDLKO&marketplace=FLIPKART&q=mobiles&store=tyy%2F4io&srno=s_3_59&otracker=search&fm=organic&iid=29ae2dd6-fbf2-4983-8153-629dd32c7d21.MOBHE49GATGKYHYD.SEARCH&ppt=sp&ppn=sp&ssid=cw7v0d0ucw0000001759411986518&qH=eb4af0bf07c16429,2025-10-02 13:32:56.123465
46a119f176627,mobiles,"CMF by Nothing Phone 2 Pro (White, 256 GB)",flipkart,16999.0,24999.0,32.0,4.4,https://www.flipkart.com/cmf-nothing-phone-2-pro-white-256-gb/p/itm46a119f176627?pid=MOBHAUHAUDZUUQSF&lid=LSTMOBHAUHAUDZUUQSF5CFKOF&marketplace=FLIPKART&q=mobiles&store=tyy%2F4io&srno=s_3_60&otracker=search&fm=organic&iid=29ae2dd6-fbf2-4983-8153-629dd32c7d21.MOBHAUHAUDZUUQSF.SEARCH&ppt=sp&ppn=sp&ssid=cw7v0d0ucw0000001759411986518&qH=eb4af0bf07c16429,2025-10-02 13:32:56.123465
c2634fd4daeb9,mobiles,"vivo T4 5G (Phantom Grey, 256 GB)",flipkart,22999.0,27999.0,17.0,4.5,https://www.flipkart.com/vivo-t4-5g-phantom-grey-256-gb/p/itmc2634fd4daeb9?pid=MOBHATXZGEAN2FWT&lid=LSTMOBHATXZGEAN2FWTXTUH1P&marketplace=FLIPKART&q=mobiles&store=tyy%2F4io&srno=s_3_61&otracker=search&fm=organic&iid=en_EtLwEoK5P2yXQO-U8Kh0A7obfX-GM4rNyG62oQpGIoJPNcEtkMlWYvm1nvStdxUmX3KBRKO9btWvZCwlfyRUuA%3D%3D&ppt=sp&ppn=sp&ssid=cw7v0d0ucw0000001759411986518&qH=eb4af0bf07c16429,2025-10-02 13:32:56.123465
d3af671af1e42,mobiles,"Samsung Galaxy A35 5G (Awesome Iceblue, 256 GB)",flipkart,19999.0,36999.0,45.0,4.4,https://www.flipkart.com/samsung-galaxy-a35-5g-awesome-iceblue-256-gb/p/itmd3af671af1e42?pid=MOBGYT2HYAAHS3ZR&lid=LSTMOBGYT2HYAAHS3ZRNFRJP2&marketplace=FLIPKART&q=mobiles&store=tyy%2F4io&srno=s_3_62&otracker=search&fm=organic&iid=en_EtLwEoK5P2yXQO-U8Kh0A7obfX-GM4rNyG62oQpGIoIPpTjPnkGEqyzVMwLZ-e8ecDCp0NbXww11r7askxebcQ%3D%3D&ppt=sp&ppn=sp&ssid=cw7v0d0ucw0000001759411986518&qH=eb4af0bf07c16429,2025-10-02 13:32:56.123465
6f2ebf6d205cf,mobiles,"OPPO K13 5G with 7000mAh and 80W SUPERVOOC Charger In-The-Box (Icy Purple, 256 GB)",flipkart,19999.0,24999.0,20.0,4.5,https://www.flipkart.com/oppo-k13-5g-7000mah-80w-supervooc-charger-in-the-box-icy-purple-256-gb/p/itm6f2ebf6d205cf?pid=MOBHB392HWDHA8HH&lid=LSTMOBHB392HWDHA8HHQOBNQP&marketplace=FLIPKART&q=mobiles&store=tyy%2F4io&srno=s_3_63&otracker=search&fm=organic&iid=29ae2dd6-fbf2-4983-8153-629dd32c7d21.MOBHB392HWDHA8HH.SEARCH&ppt=sp&ppn=sp&ssid=cw7v0d0ucw0000001759411986518&qH=eb4af0bf07c16429,2025-10-02 13:32:56.123465
ab5a4b09b6ccc,mobiles,"realme P3x 5G (Midnight Blue, 128 GB)",flipkart,11699.0,17999.0,35.0,4.4,https://www.flipkart.com/realme-p3x-5g-midnight-blue-128-gb/p/itmab5a4b09b6ccc?pid=MOBH8VGVTPGFVHEX&lid=LSTMOBH8VGVTPGFVHEX1Z6RGO&marketplace=FLIPKART&q=mobiles&store=tyy%2F4io&srno=s_3_66&otracker=search&fm=organic&iid=29ae2dd6-fbf2-4983-8153-629dd32c7d21.MOBH8VGVTPGFVHEX.SEARCH&ppt=sp&ppn=sp&ssid=cw7v0d0ucw0000001759411986518&qH=eb4af0bf07c16429,2025-10-02 13:32:56.123465
a79107312a42f,mobiles,"MOTOROLA Edge 60 Fusion 5G (PANTONE Zephyr, 256 GB)",flipkart,22999.0,27999.0,17.0,4.5,https://www.flipkart.com/motorola-edge-60-fusion-5g-pantone-zephyr-256-gb/p/itma79107312a42f?pid=MOBH9AQZAFGM3U6Q&lid=LSTMOBH9AQZAFGM3U6Q0CEQSM&marketplace=FLIPKART&q=mobiles&store=tyy%2F4io&srno=s_3_67&otracker=search&fm=organic&iid=en_EtLwEoK5P2yXQO-U8Kh0A7obfX-GM4rNyG62oQpGIoKQFTgpe2R1WU_WDiPMTn1uRecgMZpdyFOswiUwJPikcA%3D%3D&ppt=sp&ppn=sp&ssid=cw7v0d0ucw0000001759411986518&qH=eb4af0bf07c16429,2025-10-02 13:32:56.123465
e41a54752cc21,mobiles,"realme P4 Pro 5G (Birch Wood, 128 GB)",flipkart,22999.0,28999.0,20.0,4.4,https://www.flipkart.com/realme-p4-pro-5g-birch-wood-128-gb/p/itme41a54752cc21?pid=MOBHERXKZCGAA4QC&lid=LSTMOBHERXKZCGAA4QC8MGB6B&marketplace=FLIPKART&q=mobiles&store=tyy%2F4io&srno=s_3_68&otracker=search&fm=organic&iid=en_EtLwEoK5P2yXQO-U8Kh0A7obfX-GM4rNyG62oQpGIoK6m0_uSHfNL4sKKJGvO6BxiYJfUUkO-1PeLVIYSX7eqA%3D%3D&ppt=sp&ppn=sp&ssid=cw7v0d0ucw0000001759411986518&qH=eb4af0bf07c16429,2025-10-02 13:32:56.123465
62b2e62fbb43e,mobiles,"OPPO K13x 5G 6000mAh and 45W SUPERVOOC Charger & AI (Midnight Violet, 128 GB)",flipkart,12499.0,16999.0,26.0,4.5,https://www.flipkart.com/oppo-k13x-5g-6000mah-45w-supervooc-charger-ai-midnight-violet-128-gb/p/itm62b2e62fbb43e?pid=MOBHDY9PPU2NRCZH&lid=LSTMOBHDY9PPU2NRCZHVD1YM4&marketplace=FLIPKART&q=mobiles&store=tyy%2F4io&srno=s_3_70&otracker=search&fm=organic&iid=29ae2dd6-fbf2-4983-8153-629dd32c7d21.MOBHDY9PPU2NRCZH.SEARCH&ppt=sp&ppn=sp&ssid=cw7v0d0ucw0000001759411986518&qH=eb4af0bf07c16429,2025-10-02 13:32:56.123465
9684d2fe9201e,mobiles,"Samsung Galaxy A35 5G (Awesome Iceblue, 128 GB)",flipkart,17999.0,33999.0,47.0,4.4,https://www.flipkart.com/samsung-galaxy-a35-5g-awesome-iceblue-128-gb/p/itm9684d2fe9201e?pid=MOBGYT2HEYWFCG8Q&lid=LSTMOBGYT2HEYWFCG8QGJ3RJ4&marketplace=FLIPKART&q=mobiles&store=tyy%2F4io&srno=s_3_71&otracker=search&fm=organic&iid=en_EtLwEoK5P2yXQO-U8Kh0A7obfX-GM4rNyG62oQpGIoLT3AN3kpr0t-w-sC0WRkyiL-qzqYJBa8bxQHRpKw4JeA%3D%3D&ppt=sp&ppn=sp&ssid=cw7v0d0ucw0000001759411986518&qH=eb4af0bf07c16429,2025-10-02 13:32:56.123465
637e7bca8a605,mobiles,"MOTOROLA Edge 60 Fusion 5G (PANTONE Slipstream, 256 GB)",flipkart,22999.0,27999.0,17.0,4.5,https://www.flipkart.com/motorola-edge-60-fusion-5g-pantone-slipstream-256-gb/p/itm637e7bca8a605?pid=MOBH9AQZANYGWEQH&lid=LSTMOBH9AQZANYGWEQHJDC6ZW&marketplace=FLIPKART&q=mobiles&store=tyy%2F4io&srno=s_3_72&otracker=search&fm=organic&iid=en_EtLwEoK5P2yXQO-U8Kh0A7obfX-GM4rNyG62oQpGIoK7WIwWqZS6J9bZxv8llj7SKWmtsTZSPjN9TLEvflw7z4E8waCTrWcncKeK_ydPfoM%3D&ppt=sp&ppn=sp&ssid=cw7v0d0ucw0000001759411986518&qH=eb4af0bf07c16429,2025-10-02 13:32:56.123465
AZ_7c0281cd247be,mobiles,"Apple iPhone 16 (White, 128 GB)",amazon,70700.0,88400.0,20.0,4.0,https://www.amazon.in/s?k=Apple+iPhone+16+%28White%2C+128+GB%29&ref=nb_sb_noss,2025-10-02 13:32:56.123465
AZ_2c05672b9a986,mobiles,"Motorola g45 5G (Pantone Moss, 128 GB)",amazon,12000.0,14999.0,20.0,4.0,https://www.amazon.in/s?k=Motorola+g45+5G+%28Pantone+Moss%2C+128+GB%29&ref=nb_sb_noss,2025-10-02 13:32:56.123465
AZ_4f3bbebe58a57,mobiles,"Motorola g45 5G (Brilliant Green, 128 GB)",amazon,12000.0,14999.0,20.0,4.4,https://www.amazon.in/s?k=Motorola+g45+5G+%28Brilliant+Green%2C+128+GB%29&ref=nb_sb_noss,2025-10-02 13:32:56.123465
AZ_c2e910b4d0b1c,mobiles,"Apple iPhone 16 (Pink, 128 GB)",amazon,72100.0,90100.0,20.0,4.0,https://www.amazon.in/s?k=Apple+iPhone+16+%28Pink%2C+128+GB%29&ref=nb_sb_noss,2025-10-02 13:32:56.123465
AZ_93452c0761719,mobiles,"MOTOROLA G96 5G (Pantone Ashleigh Blue, 128 GB)",amazon,15500.0,20999.0,26.0,4.2,https://www.amazon.in/s?k=MOTOROLA+G96+5G+%28Pantone+Ashleigh+Blue%2C+128+GB%29&ref=nb_sb_noss,2025-10-02 13:32:56.123465
AZ_cc210cae43fba,mobiles,"Apple iPhone 16 (Ultramarine, 128 GB)",amazon,71400.0,89200.0,20.0,4.2,https://www.amazon.in/s?k=Apple+iPhone+16+%28Ultramarine%2C+128+GB%29&ref=nb_sb_noss,2025-10-02 13:32:56.123465
AZ_017656bdd097b,mobiles,"vivo T4x 5G (Pronto Purple, 128 GB)",amazon,13600.0,17999.0,24.0,4.5,https://www.amazon.in/s?k=vivo+T4x+5G+%28Pronto+Purple%2C+128+GB%29&ref=nb_sb_noss,2025-10-02 13:32:56.123465
AZ_e960199e26f23,mobiles,"Samsung Galaxy S24 FE 5G (Mint, 256 GB)",amazon,32000.0,65999.0,52.0,4.4,https://www.amazon.in/s?k=Samsung+Galaxy+S24+FE+5G+%28Mint%2C+256+GB%29&ref=nb_sb_noss,2025-10-02 13:32:56.123465
AZ_ce4bb3f55cc2f,mobiles,"Apple iPhone 16 (Teal, 128 GB)",amazon,68600.0,85800.0,20.0,3.9,https://www.amazon.in/s?k=Apple+iPhone+16+%28Teal%2C+128+GB%29&ref=nb_sb_noss,2025-10-02 13:32:56.123465
AZ_86da1977dcdf1,mobiles,"Apple iPhone 16 (Black, 256 GB)",amazon,76000.0,95000.0,20.0,3.9,https://www.amazon.in/s?k=Apple+iPhone+16+%28Black%2C+256+GB%29&ref=nb_sb_noss,2025-10-02 13:32:56.123465
AZ_d6ddbcefce040,mobiles,"realme C61 (Marble Black, 64 GB)",amazon,6000.0,8999.0,33.0,4.6,https://www.amazon.in/s?k=realme+C61+%28Marble+Black%2C+64+GB%29&ref=nb_sb_noss,2025-10-02 13:32:56.123465
AZ_2d2e398127998,mobiles,"Samsung Galaxy A35 5G (Awesome Navy, 256 GB)",amazon,18800.0,36999.0,49.0,4.4,https://www.amazon.in/s?k=Samsung+Galaxy+A35+5G+%28Awesome+Navy%2C+256+GB%29&ref=nb_sb_noss,2025-10-02 13:32:56.123465
AZ_9886d6e522c4b,mobiles,"vivo T4 Lite 5G Charger in the Box (Titanium Gold, 256 GB)",amazon,12200.0,16999.0,28.0,4.2,https://www.amazon.in/s?k=vivo+T4+Lite+5G+Charger+in+the+Box+%28Titanium+Gold%2C+256+GB%29&ref=nb_sb_noss,2025-10-02 13:32:56.123465
AZ_0d8c695cded44,mobiles,"Apple iPhone 16 (Pink, 256 GB)",amazon,83200.0,104000.0,20.0,4.6,https://www.amazon.in/s?k=Apple+iPhone+16+%28Pink%2C+256+GB%29&ref=nb_sb_noss,2025-10-02 13:32:56.123465
AZ_dbb95e3f12ab6,mobiles,"MOTOROLA Edge 60 Fusion 5G (PANTONE Mykonos Blue, 256 GB)",amazon,19700.0,25999.0,24.0,4.2,https://www.amazon.in/s?k=MOTOROLA+Edge+60+Fusion+5G+%28PANTONE+Mykonos+Blue%2C+256+GB%29&ref=nb_sb_noss,2025-10-02 13:32:56.123465
AZ_9218b12ff853f,mobiles,"MOTOROLA Edge 60 Fusion 5G (PANTONE Amazonite, 256 GB)",amazon,21800.0,25999.0,16.0,3.9,https://www.amazon.in/s?k=MOTOROLA+Edge+60+Fusion+5G+%28PANTONE+Amazonite%2C+256+GB%29&ref=nb_sb_noss,2025-10-02 13:32:56.123465
AZ_4f25cec0bd003,mobiles,"Apple iPhone 16 Pro (Desert Titanium, 256 GB)",amazon,122400.0,153000.0,20.0,4.1,https://www.amazon.in/s?k=Apple+iPhone+16+Pro+%28Desert+Titanium%2C+256+GB%29&ref=nb_sb_noss,2025-10-02 13:32:56.123465
AZ_05ad8e674782a,mobiles,"Apple iPhone 16 Pro Max (Natural Titanium, 256 GB)",amazon,140400.0,175500.0,20.0,4.7,https://www.amazon.in/s?k=Apple+iPhone+16+Pro+Max+%28Natural+Titanium%2C+256+GB%29&ref=nb_sb_noss,2025-10-02 13:32:56.123465
AZ_5a31476ca6a35,mobiles,"Samsung Galaxy A35 5G (Awesome Lilac, 128 GB)",amazon,18500.0,33999.0,46.0,4.5,https://www.amazon.in/s?k=Samsung+Galaxy+A35+5G+%28Awesome+Lilac%2C+128+GB%29&ref=nb_sb_noss,2025-10-02 13:32:56.123465
AZ_3a5653667cb9c,mobiles,"vivo T4R 5G (Arctic White, 256 GB)",amazon,22600.0,26999.0,16.0,4.4,https://www.amazon.in/s?k=vivo+T4R+5G+%28Arctic+White%2C+256+GB%29&ref=nb_sb_noss,2025-10-02 13:32:56.123465
AZ_46a119f176627,mobiles,"CMF by Nothing Phone 2 Pro (White, 256 GB)",amazon,17700.0,24999.0,29.0,4.8,https://www.amazon.in/s?k=CMF+by+Nothing+Phone+2+Pro+%28White%2C+256+GB%29&ref=nb_sb_noss,2025-10-02 13:32:56.123465
AZ_c2634fd4daeb9,mobiles,"vivo T4 5G (Phantom Grey, 256 GB)",amazon,22800.0,27999.0,19.0,4.7,https://www.amazon.in/s?k=vivo+T4+5G+%28Phantom+Grey%2C+256+GB%29&ref=nb_sb_noss,2025-10-02 13:32:56.123465
AZ_d3af671af1e42,mobiles,"Samsung Galaxy A35 5G (Awesome Iceblue, 256 GB)",amazon,19800.0,36999.0,46.0,4.4,https://www.amazon.in/s?k=Samsung+Galaxy+A35+5G+%28Awesome+Iceblue%2C+256+GB%29&ref=nb_sb_noss,2025-10-02 13:32:56.123465
AZ_6f2ebf6d205cf,mobiles,"OPPO K13 5G with 7000mAh and 80W SUPERVOOC Charger In-The-Box (Icy Purple, 256 GB)",amazon,20800.0,24999.0,17.0,4.7,https://www.amazon.in/s?k=OPPO+K13+5G+with+7000mAh+and+80W+SUPERVOOC+Charger+In-The-Box+%28Icy+Purple%2C+256+GB%29&ref=nb_sb_noss,2025-10-02 13:32:56.123465
AZ_ab5a4b09b6ccc,mobiles,"realme P3x 5G (Midnight Blue, 128 GB)",amazon,11700.0,17999.0,35.0,4.8,https://www.amazon.in/s?k=realme+P3x+5G+%28Midnight+Blue%2C+128+GB%29&ref=nb_sb_noss,2025-10-02 13:32:56.123465
AZ_a79107312a42f,mobiles,"MOTOROLA Edge 60 Fusion 5G (PANTONE Zephyr, 256 GB)",amazon,22300.0,27999.0,20.0,3.9,https://www.amazon.in/s?k=MOTOROLA+Edge+60+Fusion+5G+%28PANTONE+Zephyr%2C+256+GB%29&ref=nb_sb_noss,2025-10-02 13:32:56.123465
AZ_e41a54752cc21,mobiles,"realme P4 Pro 5G (Birch Wood, 128 GB)",amazon,23200.0,28999.0,20.0,4.7,https://www.amazon.in/s?k=realme+P4+Pro+5G+%28Birch+Wood%2C+128+GB%29&ref=nb_sb_noss,2025-10-02 13:32:56.123465
AZ_62b2e62fbb43e,mobiles,"OPPO K13x 5G 6000mAh and 45W SUPERVOOC Charger & AI (Midnight Violet, 128 GB)",amazon,12100.0,16999.0,29.0,4.6,https://www.amazon.in/s?k=OPPO+K13x+5G+6000mAh+and+45W+SUPERVOOC+Charger+%26+AI+%28Midnight+Violet%2C+128+GB%29&ref=nb_sb_noss,2025-10-02 13:32:56.123465
AZ_9684d2fe9201e,mobiles,"Samsung Galaxy A35 5G (Awesome Iceblue, 128 GB)",amazon,18200.0,33999.0,46.0,4.8,https://www.amazon.in/s?k=Samsung+Galaxy+A35+5G+%28Awesome+Iceblue%2C+128+GB%29&ref=nb_sb_noss,2025-10-02 13:32:56.123465
AZ_637e7bca8a605,mobiles,"MOTOROLA Edge 60 Fusion 5G (PANTONE Slipstream, 256 GB)",amazon,21600.0,27999.0,23.0,3.9,https://www.amazon.in/s?k=MOTOROLA+Edge+60+Fusion+5G+%28PANTONE+Slipstream%2C+256+GB%29&ref=nb_sb_noss,2025-10-02 13:32:56.123465
FK_E1FF2B4872,mobiles,Sony WH-1000XM5,flipkart,19800.0,23960.0,21.0,4.6,https://www.flipkart.com/Sony-WH-1000XM5/p/itme1ff2b4872a0?pid=FK_E1FF2B4872&marketplace=FLIPKART,2026-09-09 17:46:18
AZ_E1FF2B4872,mobiles,Sony WH-1000XM5,amazon,20200.0,24850.0,23.0,4.7,https://www.amazon.in/s?k=Sony+WH-1000XM5&ref=nb_sb_noss,2026-09-09 17:46:18
FK_73255399E3,mobiles,xiaomi pad 7 — 12gb + 256gb (regular),flipkart,23000.0,29440.0,28.0,4.1,https://www.flipkart.com/xiaomi-pad-7-12gb-256gb-regular/p/itm73255399e304?pid=FK_73255399E3&marketplace=FLIPKART,2026-09-09 19:03:52
AZ_73255399E3,mobiles,xiaomi pad 7 — 12gb + 256gb (regular),amazon,22310.0,25660.0,15.0,4.3,https://www.amazon.in/s?k=xiaomi+pad+7+%E2%80%94+12gb+%2B+256gb+%28regular%29&ref=nb_sb_noss,2026-09-09 19:03:52
FK_8BBCF0BA24,mobiles,Apple iphone 31,flipkart,15000.0,18150.0,21.0,4.0,https://www.flipkart.com/search?q=Apple+iphone+31,2026-09-10 16:32:13
AZ_8BBCF0BA24,mobiles,Apple iphone 31,amazon,14400.0,17710.0,23.0,4.5,https://www.amazon.in/s?k=Apple+iphone+31&ref=nb_sb_noss,2026-09-10 16:32:13
FK_HA_001,home_appliances,Samsung 7 kg 5 Star Front Load Washing Machine,flipkart,32990.0,38990.0,15.4,4.4,https://www.flipkart.com/search?q=Samsung+7+kg+5+Star+Front+Load+Washing+Machine,2026-09-10 10:00:00
AZ_HA_001,home_appliances,Samsung 7 kg 5 Star Front Load Washing Machine,amazon,31490.0,38990.0,19.2,4.3,https://www.amazon.in/s?k=Samsung+7+kg+5+Star+Front+Load+Washing+Machine&ref=nb_sb_noss,2026-09-10 10:00:00
FK_HA_002,home_appliances,LG 8 kg 5 Star Inverter Front Load Washing Machine,flipkart,38990.0,45990.0,15.2,4.5,https://www.flipkart.com/search?q=LG+8+kg+5+Star+Inverter+Front+Load+Washing+Machine,2026-09-10 10:00:00
AZ_HA_002,home_appliances,LG 8 kg 5 Star Inverter Front Load Washing Machine,amazon,37490.0,45990.0,18.5,4.4,https://www.amazon.in/s?k=LG+8+kg+5+Star+Inverter+Front+Load+Washing+Machine&ref=nb_sb_noss,2026-09-10 10:00:00
FK_HA_003,home_appliances,Whirlpool 7.5 kg 5 Star Top Load Washing Machine,flipkart,18990.0,23990.0,20.8,4.2,https://www.flipkart.com/search?q=Whirlpool+7.5+kg+5+Star+Top+Load+Washing+Machine,2026-09-10 10:00:00
AZ_HA_003,home_appliances,Whirlpool 7.5 kg 5 Star Top Load Washing Machine,amazon,17990.0,23990.0,25.0,4.1,https://www.amazon.in/s?k=Whirlpool+7.5+kg+5+Star+Top+Load+Washing+Machine&ref=nb_sb_noss,2026-09-10 10:00:00
FK_HA_004,home_appliances,IFB 6 kg 5 Star Front Load Washing Machine,flipkart,28490.0,34990.0,18.6,4.5,https://www.flipkart.com/search?q=IFB+6+kg+5+Star+Front+Load+Washing+Machine,2026-09-10 10:00:00
AZ_HA_004,home_appliances,IFB 6 kg 5 Star Front Load Washing Machine,amazon,27490.0,34990.0,21.4,4.4,https://www.amazon.in/s?k=IFB+6+kg+5+Star+Front+Load+Washing+Machine&ref=nb_sb_noss,2026-09-10 10:00:00
FK_HA_005,home_appliances,Bosch 7 kg 5 Star Front Load Washing Machine,flipkart,29990.0,36990.0,18.9,4.5,https://www.flipkart.com/search?q=Bosch+7+kg+5+Star+Front+Load+Washing+Machine,2026-09-10 10:00:00
AZ_HA_005,home_appliances,Bosch 7 kg 5 Star Front Load Washing Machine,amazon,28990.0,36990.0,21.6,4.4,https://www.amazon.in/s?k=Bosch+7+kg+5+Star+Front+Load+Washing+Machine&ref=nb_sb_noss,2026-09-10 10:00:00
FK_HA_006,home_appliances,LG 242 L 3 Star Double Door Refrigerator,flipkart,25490.0,30990.0,17.8,4.4,https://www.flipkart.com/search?q=LG+242+L+3+Star+Double+Door+Refrigerator,2026-09-10 10:00:00
AZ_HA_006,home_appliances,LG 242 L 3 Star Double Door Refrigerator,amazon,24490.0,30990.0,21.0,4.3,https://www.amazon.in/s?k=LG+242+L+3+Star+Double+Door+Refrigerator&ref=nb_sb_noss,2026-09-10 10:00:00
FK_HA_007,home_appliances,Samsung 253 L 3 Star Double Door Refrigerator,flipkart,23490.0,28990.0,19.0,4.3,https://www.flipkart.com/search?q=Samsung+253+L+3+Star+Double+Door+Refrigerator,2026-09-10 10:00:00
AZ_HA_007,home_appliances,Samsung 253 L 3 Star Double Door Refrigerator,amazon,22490.0,28990.0,22.4,4.2,https://www.amazon.in/s?k=Samsung+253+L+3+Star+Double+Door+Refrigerator&ref=nb_sb_noss,2026-09-10 10:00:00
FK_HA_008,home_appliances,Whirlpool 265 L 3 Star Double Door Refrigerator,flipkart,22990.0,27990.0,17.9,4.2,https://www.flipkart.com/search?q=Whirlpool+265+L+3+Star+Double+Door+Refrigerator,2026-09-10 10:00:00
AZ_HA_008,home_appliances,Whirlpool 265 L 3 Star Double Door Refrigerator,amazon,21990.0,27990.0,21.4,4.1,https://www.amazon.in/s?k=Whirlpool+265+L+3+Star+Double+Door+Refrigerator&ref=nb_sb_noss,2026-09-10 10:00:00
FK_HA_009,home_appliances,Godrej 185 L 5 Star Single Door Refrigerator,flipkart,14490.0,18990.0,23.7,4.2,https://www.flipkart.com/search?q=Godrej+185+L+5+Star+Single+Door+Refrigerator,2026-09-10 10:00:00
AZ_HA_009,home_appliances,Godrej 185 L 5 Star Single Door Refrigerator,amazon,13990.0,18990.0,26.3,4.1,https://www.amazon.in/s?k=Godrej+185+L+5+Star+Single+Door+Refrigerator&ref=nb_sb_noss,2026-09-10 10:00:00
FK_HA_010,home_appliances,Haier 320 L Triple Door Refrigerator,flipkart,29990.0,35990.0,16.7,4.3,https://www.flipkart.com/search?q=Haier+320+L+Triple+Door+Refrigerator,2026-09-10 10:00:00
AZ_HA_010,home_appliances,Haier 320 L Triple Door Refrigerator,amazon,28990.0,35990.0,19.4,4.2,https://www.amazon.in/s?k=Haier+320+L+Triple+Door+Refrigerator&ref=nb_sb_noss,2026-09-10 10:00:00
FK_HA_011,home_appliances,Voltas 1.5 Ton 3 Star Inverter Split AC,flipkart,34990.0,41990.0,16.7,4.3,https://www.flipkart.com/search?q=Voltas+1.5+Ton+3+Star+Inverter+Split+AC,2026-09-10 10:00:00
AZ_HA_011,home_appliances,Voltas 1.5 Ton 3 Star Inverter Split AC,amazon,33490.0,41990.0,20.2,4.2,https://www.amazon.in/s?k=Voltas+1.5+Ton+3+Star+Inverter+Split+AC&ref=nb_sb_noss,2026-09-10 10:00:00
FK_HA_012,home_appliances,LG 1.5 Ton 5 Star Inverter Split AC,flipkart,44990.0,53990.0,16.7,4.5,https://www.flipkart.com/search?q=LG+1.5+Ton+5+Star+Inverter+Split+AC,2026-09-10 10:00:00
AZ_HA_012,home_appliances,LG 1.5 Ton 5 Star Inverter Split AC,amazon,43490.0,53990.0,19.5,4.4,https://www.amazon.in/s?k=LG+1.5+Ton+5+Star+Inverter+Split+AC&ref=nb_sb_noss,2026-09-10 10:00:00
FK_HA_013,home_appliances,Samsung 1.5 Ton 3 Star Inverter Split AC,flipkart,36990.0,44990.0,17.8,4.3,https://www.flipkart.com/search?q=Samsung+1.5+Ton+3+Star+Inverter+Split+AC,2026-09-10 10:00:00
AZ_HA_013,home_appliances,Samsung 1.5 Ton 3 Star Inverter Split AC,amazon,35490.0,44990.0,21.1,4.2,https://www.amazon.in/s?k=Samsung+1.5+Ton+3+Star+Inverter+Split+AC&ref=nb_sb_noss,2026-09-10 10:00:00
FK_HA_014,home_appliances,Daikin 1.5 Ton 3 Star Inverter Split AC,flipkart,39990.0,48990.0,18.4,4.4,https://www.flipkart.com/search?q=Daikin+1.5+Ton+3+Star+Inverter+Split+AC,2026-09-10 10:00:00
AZ_HA_014,home_appliances,Daikin 1.5 Ton 3 Star Inverter Split AC,amazon,38990.0,48990.0,20.4,4.3,https://www.amazon.in/s?k=Daikin+1.5+Ton+3+Star+Inverter+Split+AC&ref=nb_sb_noss,2026-09-10 10:00:00
FK_HA_015,home_appliances,Samsung 28 L Convection Microwave Oven,flipkart,11990.0,15990.0,25.0,4.3,https://www.flipkart.com/search?q=Samsung+28+L+Convection+Microwave+Oven,2026-09-10 10:00:00
AZ_HA_015,home_appliances,Samsung 28 L Convection Microwave Oven,amazon,11490.0,15990.0,28.1,4.2,https://www.amazon.in/s?k=Samsung+28+L+Convection+Microwave+Oven&ref=nb_sb_noss,2026-09-10 10:00:00
FK_HA_016,home_appliances,LG 32 L Convection Microwave Oven,flipkart,13490.0,17990.0,25.0,4.4,https://www.flipkart.com/search?q=LG+32+L+Convection+Microwave+Oven,2026-09-10 10:00:00
AZ_HA_016,home_appliances,LG 32 L Convection Microwave Oven,amazon,12990.0,17990.0,27.8,4.3,https://www.amazon.in/s?k=LG+32+L+Convection+Microwave+Oven&ref=nb_sb_noss,2026-09-10 10:00:00
FK_HA_017,home_appliances,Godrej 30 L Convection Microwave Oven,flipkart,10990.0,14990.0,26.7,4.2,https://www.flipkart.com/search?q=Godrej+30+L+Convection+Microwave+Oven,2026-09-10 10:00:00
AZ_HA_017,home_appliances,Godrej 30 L Convection Microwave Oven,amazon,10490.0,14990.0,30.0,4.1,https://www.amazon.in/s?k=Godrej+30+L+Convection+Microwave+Oven&ref=nb_sb_noss,2026-09-10 10:00:00
